gtap,tariff_name,tariff_increase_,exporter,importer,date
I_S,EU1,0.07,USA,EUR,20180622
WHT,EU1,0.00,USA,EUR,20180622
P_C,EU1,0.00,USA,EUR,20180622
ELY,EU1,0.00,USA,EUR,20180622
TEX,EU1,0.00,USA,EUR,20180622
WOL,EU1,0.00,USA,EUR,20180622
NFM,EU1,0.01,USA,EUR,20180622
COA,EU1,0.00,USA,EUR,20180622
FMP,EU1,0.02,USA,EUR,20180622
CRP,EU1,0.00,USA,EUR,20180622
OMF,EU1,0.00,USA,EUR,20180622
OCR,EU1,0.00,USA,EUR,20180622
FRS,EU1,0.00,USA,EUR,20180622
ELE,EU1,0.00,USA,EUR,20180622
OIL,EU1,0.00,USA,EUR,20180622
SGR,EU1,0.00,USA,EUR,20180622
CTL,EU1,0.00,USA,EUR,20180622
PPP,EU1,0.00,USA,EUR,20180622
OME,EU1,0.00,USA,EUR,20180622
PFB,EU1,0.00,USA,EUR,20180622
MIL,EU1,0.00,USA,EUR,20180622
OSD,EU1,0.00,USA,EUR,20180622
MVH,EU1,0.00,USA,EUR,20180622
PCR,EU1,0.25,USA,EUR,20180622
OMT,EU1,0.00,USA,EUR,20180622
OMN,EU1,0.00,USA,EUR,20180622
FSH,EU1,0.00,USA,EUR,20180622
OFD,EU1,0.01,USA,EUR,20180622
NMM,EU1,0.00,USA,EUR,20180622
LUM,EU1,0.00,USA,EUR,20180622
C_B,EU1,0.00,USA,EUR,20180622
GAS,EU1,0.00,USA,EUR,20180622
B_T,EU1,0.07,USA,EUR,20180622
V_F,EU1,0.01,USA,EUR,20180622
PDR,EU1,0.00,USA,EUR,20180622
WAP,EU1,0.03,USA,EUR,20180622
LEA,EU1,0.00,USA,EUR,20180622
GRO,EU1,0.11,USA,EUR,20180622
VOL,EU1,0.00,USA,EUR,20180622
CMT,EU1,0.00,USA,EUR,20180622
GDT,EU1,0.00,USA,EUR,20180622
OAP,EU1,0.00,USA,EUR,20180622
OTN,EU1,0.01,USA,EUR,20180622
OIL,EU2,0.00,USA,EUR,20180622
OME,EU2,0.01,USA,EUR,20180622
CTL,EU2,0.00,USA,EUR,20180622
PFB,EU2,0.00,USA,EUR,20180622
I_S,EU2,0.00,USA,EUR,20180622
GAS,EU2,0.00,USA,EUR,20180622
C_B,EU2,0.00,USA,EUR,20180622
SGR,EU2,0.00,USA,EUR,20180622
B_T,EU2,0.06,USA,EUR,20180622
NMM,EU2,0.09,USA,EUR,20180622
PPP,EU2,0.00,USA,EUR,20180622
PDR,EU2,0.00,USA,EUR,20180622
GRO,EU2,0.00,USA,EUR,20180622
FRS,EU2,0.00,USA,EUR,20180622
OMF,EU2,0.02,USA,EUR,20180622
V_F,EU2,0.00,USA,EUR,20180622
MIL,EU2,0.00,USA,EUR,20180622
LUM,EU2,0.01,USA,EUR,20180622
OFD,EU2,0.00,USA,EUR,20180622
ELY,EU2,0.00,USA,EUR,20180622
WHT,EU2,0.00,USA,EUR,20180622
FSH,EU2,0.00,USA,EUR,20180622
MVH,EU2,0.00,USA,EUR,20180622
FMP,EU2,0.00,USA,EUR,20180622
VOL,EU2,0.00,USA,EUR,20180622
LEA,EU2,0.00,USA,EUR,20180622
PCR,EU2,0.00,USA,EUR,20180622
P_C,EU2,0.00,USA,EUR,20180622
OMN,EU2,0.04,USA,EUR,20180622
OTN,EU2,0.01,USA,EUR,20180622
WAP,EU2,0.05,USA,EUR,20180622
GDT,EU2,0.00,USA,EUR,20180622
NFM,EU2,0.00,USA,EUR,20180622
OCR,EU2,0.00,USA,EUR,20180622
COA,EU2,0.00,USA,EUR,20180622
OMT,EU2,0.00,USA,EUR,20180622
ELE,EU2,0.00,USA,EUR,20180622
OSD,EU2,0.00,USA,EUR,20180622
OAP,EU2,0.00,USA,EUR,20180622
CMT,EU2,0.00,USA,EUR,20180622
CRP,EU2,0.00,USA,EUR,20180622
TEX,EU2,0.00,USA,EUR,20180622
WOL,EU2,0.00,USA,EUR,20180622
OME,can,0.00,USA,CAN,20180701
OMF,can,0.01,USA,CAN,20180701
WHT,can,0.00,USA,CAN,20180701
I_S,can,0.18,USA,CAN,20180701
OIL,can,0.00,USA,CAN,20180701
ELE,can,0.00,USA,CAN,20180701
MVH,can,0.00,USA,CAN,20180701
CTL,can,0.00,USA,CAN,20180701
VOL,can,0.00,USA,CAN,20180701
PDR,can,0.00,USA,CAN,20180701
NMM,can,0.00,USA,CAN,20180701
WOL,can,0.00,USA,CAN,20180701
LEA,can,0.00,USA,CAN,20180701
TEX,can,0.01,USA,CAN,20180701
CMT,can,0.00,USA,CAN,20180701
ELY,can,0.00,USA,CAN,20180701
OMT,can,0.02,USA,CAN,20180701
FMP,can,0.01,USA,CAN,20180701
COA,can,0.00,USA,CAN,20180701
V_F,can,0.00,USA,CAN,20180701
PCR,can,0.00,USA,CAN,20180701
LUM,can,0.01,USA,CAN,20180701
OTN,can,0.02,USA,CAN,20180701
MIL,can,0.00,USA,CAN,20180701
FRS,can,0.00,USA,CAN,20180701
SGR,can,0.03,USA,CAN,20180701
OMN,can,0.00,USA,CAN,20180701
PPP,can,0.01,USA,CAN,20180701
GRO,can,0.00,USA,CAN,20180701
FSH,can,0.00,USA,CAN,20180701
OAP,can,0.00,USA,CAN,20180701
B_T,can,0.01,USA,CAN,20180701
OCR,can,0.00,USA,CAN,20180701
OFD,can,0.03,USA,CAN,20180701
C_B,can,0.00,USA,CAN,20180701
GAS,can,0.00,USA,CAN,20180701
GDT,can,0.00,USA,CAN,20180701
PFB,can,0.00,USA,CAN,20180701
OSD,can,0.00,USA,CAN,20180701
P_C,can,0.00,USA,CAN,20180701
CRP,can,0.01,USA,CAN,20180701
WAP,can,0.00,USA,CAN,20180701
NFM,can,0.02,USA,CAN,20180701
WAP,chn16,0.00,USA,CHN,20180808
OMN,chn16,0.00,USA,CHN,20180808
OTN,chn16,0.05,USA,CHN,20180808
TEX,chn16,0.00,USA,CHN,20180808
MVH,chn16,0.12,USA,CHN,20180808
WOL,chn16,0.00,USA,CHN,20180808
C_B,chn16,0.00,USA,CHN,20180808
WHT,chn16,0.00,USA,CHN,20180808
NFM,chn16,0.16,USA,CHN,20180808
V_F,chn16,0.00,USA,CHN,20180808
GRO,chn16,0.00,USA,CHN,20180808
PCR,chn16,0.00,USA,CHN,20180808
PPP,chn16,0.11,USA,CHN,20180808
ELY,chn16,0.00,USA,CHN,20180808
I_S,chn16,0.15,USA,CHN,20180808
OIL,chn16,0.00,USA,CHN,20180808
CMT,chn16,0.00,USA,CHN,20180808
ELE,chn16,0.00,USA,CHN,20180808
PDR,chn16,0.00,USA,CHN,20180808
FMP,chn16,0.02,USA,CHN,20180808
MIL,chn16,0.00,USA,CHN,20180808
OMF,chn16,0.00,USA,CHN,20180808
VOL,chn16,0.00,USA,CHN,20180808
P_C,chn16,0.25,USA,CHN,20180808
OFD,chn16,0.01,USA,CHN,20180808
LUM,chn16,0.00,USA,CHN,20180808
LEA,chn16,0.00,USA,CHN,20180808
CRP,chn16,0.03,USA,CHN,20180808
GDT,chn16,0.25,USA,CHN,20180808
FSH,chn16,0.00,USA,CHN,20180808
OME,chn16,0.02,USA,CHN,20180808
SGR,chn16,0.00,USA,CHN,20180808
NMM,chn16,0.03,USA,CHN,20180808
COA,chn16,0.25,USA,CHN,20180808
OMT,chn16,0.00,USA,CHN,20180808
GAS,chn16,0.00,USA,CHN,20180808
B_T,chn16,0.00,USA,CHN,20180808
FRS,chn16,0.00,USA,CHN,20180808
OCR,chn16,0.00,USA,CHN,20180808
CTL,chn16,0.00,USA,CHN,20180808
OSD,chn16,0.00,USA,CHN,20180808
OAP,chn16,0.00,USA,CHN,20180808
PFB,chn16,0.00,USA,CHN,20180808
OMN,chn3,0.00,USA,CHN,20180402
FRS,chn3,0.00,USA,CHN,20180402
GRO,chn3,0.00,USA,CHN,20180402
CTL,chn3,0.00,USA,CHN,20180402
WHT,chn3,0.00,USA,CHN,20180402
PPP,chn3,0.00,USA,CHN,20180402
OME,chn3,0.00,USA,CHN,20180402
C_B,chn3,0.00,USA,CHN,20180402
PDR,chn3,0.00,USA,CHN,20180402
LEA,chn3,0.00,USA,CHN,20180402
VOL,chn3,0.00,USA,CHN,20180402
TEX,chn3,0.00,USA,CHN,20180402
V_F,chn3,0.14,USA,CHN,20180402
FMP,chn3,0.00,USA,CHN,20180402
COA,chn3,0.00,USA,CHN,20180402
ELE,chn3,0.00,USA,CHN,20180402
OIL,chn3,0.00,USA,CHN,20180402
OCR,chn3,0.00,USA,CHN,20180402
OMT,chn3,0.22,USA,CHN,20180402
CMT,chn3,0.00,USA,CHN,20180402
WAP,chn3,0.00,USA,CHN,20180402
OFD,chn3,0.00,USA,CHN,20180402
NMM,chn3,0.00,USA,CHN,20180402
PCR,chn3,0.00,USA,CHN,20180402
FSH,chn3,0.00,USA,CHN,20180402
I_S,chn3,0.02,USA,CHN,20180402
MVH,chn3,0.00,USA,CHN,20180402
B_T,chn3,0.05,USA,CHN,20180402
PFB,chn3,0.00,USA,CHN,20180402
P_C,chn3,0.00,USA,CHN,20180402
SGR,chn3,0.00,USA,CHN,20180402
WOL,chn3,0.00,USA,CHN,20180402
CRP,chn3,0.00,USA,CHN,20180402
MIL,chn3,0.00,USA,CHN,20180402
LUM,chn3,0.00,USA,CHN,20180402
OTN,chn3,0.00,USA,CHN,20180402
OSD,chn3,0.00,USA,CHN,20180402
GAS,chn3,0.00,USA,CHN,20180402
OAP,chn3,0.00,USA,CHN,20180402
GDT,chn3,0.00,USA,CHN,20180402
OMF,chn3,0.00,USA,CHN,20180402
ELY,chn3,0.00,USA,CHN,20180402
NFM,chn3,0.06,USA,CHN,20180402
WHT,chn34,0.24,USA,CHN,20180706
FSH,chn34,0.01,USA,CHN,20180706
PPP,chn34,0.00,USA,CHN,20180706
LEA,chn34,0.00,USA,CHN,20180706
P_C,chn34,0.00,USA,CHN,20180706
MVH,chn34,0.22,USA,CHN,20180706
C_B,chn34,0.00,USA,CHN,20180706
PFB,chn34,0.25,USA,CHN,20180706
COA,chn34,0.00,USA,CHN,20180706
LUM,chn34,0.00,USA,CHN,20180706
OSD,chn34,0.25,USA,CHN,20180706
GAS,chn34,0.00,USA,CHN,20180706
OIL,chn34,0.00,USA,CHN,20180706
OAP,chn34,0.04,USA,CHN,20180706
PCR,chn34,0.25,USA,CHN,20180706
FMP,chn34,0.00,USA,CHN,20180706
WAP,chn34,0.00,USA,CHN,20180706
NMM,chn34,0.00,USA,CHN,20180706
V_F,chn34,0.25,USA,CHN,20180706
OTN,chn34,0.00,USA,CHN,20180706
MIL,chn34,0.21,USA,CHN,20180706
TEX,chn34,0.00,USA,CHN,20180706
OMF,chn34,0.00,USA,CHN,20180706
PDR,chn34,0.25,USA,CHN,20180706
B_T,chn34,0.20,USA,CHN,20180706
GDT,chn34,0.00,USA,CHN,20180706
CMT,chn34,0.23,USA,CHN,20180706
OFD,chn34,0.12,USA,CHN,20180706
SGR,chn34,0.00,USA,CHN,20180706
CTL,chn34,0.00,USA,CHN,20180706
NFM,chn34,0.00,USA,CHN,20180706
GRO,chn34,0.25,USA,CHN,20180706
VOL,chn34,0.00,USA,CHN,20180706
OMT,chn34,0.22,USA,CHN,20180706
OMN,chn34,0.00,USA,CHN,20180706
WOL,chn34,0.00,USA,CHN,20180706
ELY,chn34,0.00,USA,CHN,20180706
I_S,chn34,0.00,USA,CHN,20180706
OME,chn34,0.00,USA,CHN,20180706
CRP,chn34,0.00,USA,CHN,20180706
OCR,chn34,0.21,USA,CHN,20180706
FRS,chn34,0.00,USA,CHN,20180706
ELE,chn34,0.00,USA,CHN,20180706
LUM,chn60b1,0.07,USA,CHN,20180924
VOL,chn60b1,0.09,USA,CHN,20180924
OIL,chn60b1,0.00,USA,CHN,20180924
B_T,chn60b1,0.02,USA,CHN,20180924
MVH,chn60b1,0.01,USA,CHN,20180924
P_C,chn60b1,0.00,USA,CHN,20180924
OSD,chn60b1,0.00,USA,CHN,20180924
NMM,chn60b1,0.06,USA,CHN,20180924
OMF,chn60b1,0.07,USA,CHN,20180924
LEA,chn60b1,0.07,USA,CHN,20180924
CTL,chn60b1,0.00,USA,CHN,20180924
ELE,chn60b1,0.05,USA,CHN,20180924
CMT,chn60b1,0.00,USA,CHN,20180924
FMP,chn60b1,0.07,USA,CHN,20180924
ELY,chn60b1,0.00,USA,CHN,20180924
WHT,chn60b1,0.00,USA,CHN,20180924
GDT,chn60b1,0.00,USA,CHN,20180924
OAP,chn60b1,0.06,USA,CHN,20180924
OFD,chn60b1,0.04,USA,CHN,20180924
PFB,chn60b1,0.00,USA,CHN,20180924
FSH,chn60b1,0.00,USA,CHN,20180924
NFM,chn60b1,0.03,USA,CHN,20180924
OCR,chn60b1,0.00,USA,CHN,20180924
WAP,chn60b1,0.10,USA,CHN,20180924
I_S,chn60b1,0.03,USA,CHN,20180924
SGR,chn60b1,0.05,USA,CHN,20180924
CRP,chn60b1,0.04,USA,CHN,20180924
OMN,chn60b1,0.08,USA,CHN,20180924
OTN,chn60b1,0.05,USA,CHN,20180924
PDR,chn60b1,0.00,USA,CHN,20180924
TEX,chn60b1,0.05,USA,CHN,20180924
COA,chn60b1,0.00,USA,CHN,20180924
GRO,chn60b1,0.00,USA,CHN,20180924
V_F,chn60b1,0.00,USA,CHN,20180924
WOL,chn60b1,0.10,USA,CHN,20180924
MIL,chn60b1,0.01,USA,CHN,20180924
PPP,chn60b1,0.03,USA,CHN,20180924
GAS,chn60b1,0.10,USA,CHN,20180924
FRS,chn60b1,0.03,USA,CHN,20180924
C_B,chn60b1,0.08,USA,CHN,20180924
PCR,chn60b1,0.00,USA,CHN,20180924
OME,chn60b1,0.06,USA,CHN,20180924
OMT,chn60b1,0.00,USA,CHN,20180924
OCR,chn60b2,0.00,USA,CHN,20190513
ELY,chn60b2,0.00,USA,CHN,20190513
FMP,chn60b2,0.08,USA,CHN,20190513
GDT,chn60b2,0.00,USA,CHN,20190513
OSD,chn60b2,0.00,USA,CHN,20190513
OMN,chn60b2,0.11,USA,CHN,20190513
NFM,chn60b2,0.04,USA,CHN,20190513
WHT,chn60b2,0.00,USA,CHN,20190513
WOL,chn60b2,0.15,USA,CHN,20190513
P_C,chn60b2,0.00,USA,CHN,20190513
PDR,chn60b2,0.00,USA,CHN,20190513
ELE,chn60b2,0.07,USA,CHN,20190513
COA,chn60b2,0.00,USA,CHN,20190513
V_F,chn60b2,0.00,USA,CHN,20190513
OMF,chn60b2,0.09,USA,CHN,20190513
OME,chn60b2,0.06,USA,CHN,20190513
VOL,chn60b2,0.13,USA,CHN,20190513
PPP,chn60b2,0.01,USA,CHN,20190513
LEA,chn60b2,0.07,USA,CHN,20190513
C_B,chn60b2,0.12,USA,CHN,20190513
PCR,chn60b2,0.00,USA,CHN,20190513
OFD,chn60b2,0.05,USA,CHN,20190513
FSH,chn60b2,0.00,USA,CHN,20190513
LUM,chn60b2,0.09,USA,CHN,20190513
GRO,chn60b2,0.00,USA,CHN,20190513
CRP,chn60b2,0.04,USA,CHN,20190513
FRS,chn60b2,0.04,USA,CHN,20190513
B_T,chn60b2,0.03,USA,CHN,20190513
MIL,chn60b2,0.01,USA,CHN,20190513
CMT,chn60b2,0.00,USA,CHN,20190513
I_S,chn60b2,0.04,USA,CHN,20190513
OIL,chn60b2,0.00,USA,CHN,20190513
NMM,chn60b2,0.06,USA,CHN,20190513
OMT,chn60b2,0.00,USA,CHN,20190513
MVH,chn60b2,0.00,USA,CHN,20190513
PFB,chn60b2,0.00,USA,CHN,20190513
WAP,chn60b2,0.14,USA,CHN,20190513
SGR,chn60b2,0.05,USA,CHN,20190513
CTL,chn60b2,0.00,USA,CHN,20190513
OTN,chn60b2,0.06,USA,CHN,20190513
TEX,chn60b2,0.07,USA,CHN,20190513
OAP,chn60b2,0.04,USA,CHN,20190513
GAS,chn60b2,0.15,USA,CHN,20190513
FMP,chn75b1,0.00,USA,CHN,20190901
FSH,chn75b1,0.00,USA,CHN,20190901
WHT,chn75b1,0.00,USA,CHN,20190901
CTL,chn75b1,0.00,USA,CHN,20190901
MIL,chn75b1,0.01,USA,CHN,20190901
B_T,chn75b1,0.00,USA,CHN,20190901
P_C,chn75b1,0.01,USA,CHN,20190901
ELE,chn75b1,0.00,USA,CHN,20190901
VOL,chn75b1,0.01,USA,CHN,20190901
GRO,chn75b1,0.00,USA,CHN,20190901
OFD,chn75b1,0.06,USA,CHN,20190901
PPP,chn75b1,0.00,USA,CHN,20190901
SGR,chn75b1,0.01,USA,CHN,20190901
NFM,chn75b1,0.00,USA,CHN,20190901
MVH,chn75b1,0.00,USA,CHN,20190901
OAP,chn75b1,0.09,USA,CHN,20190901
C_B,chn75b1,0.10,USA,CHN,20190901
OSD,chn75b1,0.08,USA,CHN,20190901
COA,chn75b1,0.05,USA,CHN,20190901
PDR,chn75b1,0.00,USA,CHN,20190901
PCR,chn75b1,0.00,USA,CHN,20190901
OMF,chn75b1,0.00,USA,CHN,20190901
OMN,chn75b1,0.01,USA,CHN,20190901
I_S,chn75b1,0.00,USA,CHN,20190901
WOL,chn75b1,0.00,USA,CHN,20190901
OMT,chn75b1,0.10,USA,CHN,20190901
GAS,chn75b1,0.00,USA,CHN,20190901
TEX,chn75b1,0.00,USA,CHN,20190901
LUM,chn75b1,0.03,USA,CHN,20190901
LEA,chn75b1,0.07,USA,CHN,20190901
NMM,chn75b1,0.00,USA,CHN,20190901
WAP,chn75b1,0.01,USA,CHN,20190901
ELY,chn75b1,0.00,USA,CHN,20190901
OTN,chn75b1,0.00,USA,CHN,20190901
OIL,chn75b1,0.05,USA,CHN,20190901
CMT,chn75b1,0.01,USA,CHN,20190901
PFB,chn75b1,0.00,USA,CHN,20190901
V_F,chn75b1,0.10,USA,CHN,20190901
CRP,chn75b1,0.02,USA,CHN,20190901
GDT,chn75b1,0.00,USA,CHN,20190901
OME,chn75b1,0.00,USA,CHN,20190901
FRS,chn75b1,0.00,USA,CHN,20190901
OCR,chn75b1,0.01,USA,CHN,20190901
MVH,chn75b2,0.09,USA,CHN,20191215
CTL,chn75b2,0.00,USA,CHN,20191215
GRO,chn75b2,0.10,USA,CHN,20191215
OCR,chn75b2,0.07,USA,CHN,20191215
COA,chn75b2,0.00,USA,CHN,20191215
C_B,chn75b2,0.08,USA,CHN,20191215
OMT,chn75b2,0.00,USA,CHN,20191215
ELY,chn75b2,0.00,USA,CHN,20191215
PCR,chn75b2,0.00,USA,CHN,20191215
OMF,chn75b2,0.06,USA,CHN,20191215
OIL,chn75b2,0.00,USA,CHN,20191215
B_T,chn75b2,0.04,USA,CHN,20191215
TEX,chn75b2,0.03,USA,CHN,20191215
GAS,chn75b2,0.00,USA,CHN,20191215
OSD,chn75b2,0.00,USA,CHN,20191215
OMN,chn75b2,0.00,USA,CHN,20191215
CMT,chn75b2,0.00,USA,CHN,20191215
P_C,chn75b2,0.03,USA,CHN,20191215
V_F,chn75b2,0.00,USA,CHN,20191215
FRS,chn75b2,0.02,USA,CHN,20191215
LUM,chn75b2,0.03,USA,CHN,20191215
FMP,chn75b2,0.04,USA,CHN,20191215
SGR,chn75b2,0.00,USA,CHN,20191215
PPP,chn75b2,0.04,USA,CHN,20191215
LEA,chn75b2,0.04,USA,CHN,20191215
I_S,chn75b2,0.00,USA,CHN,20191215
PFB,chn75b2,0.05,USA,CHN,20191215
GDT,chn75b2,0.00,USA,CHN,20191215
VOL,chn75b2,0.07,USA,CHN,20191215
CRP,chn75b2,0.01,USA,CHN,20191215
NFM,chn75b2,0.05,USA,CHN,20191215
OTN,chn75b2,0.02,USA,CHN,20191215
FSH,chn75b2,0.00,USA,CHN,20191215
PDR,chn75b2,0.00,USA,CHN,20191215
OFD,chn75b2,0.02,USA,CHN,20191215
WOL,chn75b2,0.00,USA,CHN,20191215
OAP,chn75b2,0.03,USA,CHN,20191215
WAP,chn75b2,0.01,USA,CHN,20191215
WHT,chn75b2,0.10,USA,CHN,20191215
ELE,chn75b2,0.02,USA,CHN,20191215
OME,chn75b2,0.04,USA,CHN,20191215
NMM,chn75b2,0.03,USA,CHN,20191215
MIL,chn75b2,0.01,USA,CHN,20191215
ELY,india,,USA,IND,20180621
OMF,india,0.00,USA,IND,20180621
WHT,india,,USA,IND,20180621
OME,india,0.00,USA,IND,20180621
CRP,india,0.00,USA,IND,20180621
ELE,india,0.00,USA,IND,20180621
OFD,india,0.01,USA,IND,20180621
FSH,india,0.00,USA,IND,20180621
GAS,india,0.00,USA,IND,20180621
SGR,india,0.00,USA,IND,20180621
MVH,india,0.00,USA,IND,20180621
OIL,india,,USA,IND,20180621
C_B,india,,USA,IND,20180621
I_S,india,0.00,USA,IND,20180621
OSD,india,0.00,USA,IND,20180621
OAP,india,0.00,USA,IND,20180621
NMM,india,0.00,USA,IND,20180621
PPP,india,0.00,USA,IND,20180621
VOL,india,0.00,USA,IND,20180621
WAP,india,0.00,USA,IND,20180621
OCR,india,0.00,USA,IND,20180621
OMT,india,0.00,USA,IND,20180621
OMN,india,0.00,USA,IND,20180621
PCR,india,0.00,USA,IND,20180621
LUM,india,0.00,USA,IND,20180621
NFM,india,0.00,USA,IND,20180621
WOL,india,0.00,USA,IND,20180621
FMP,india,0.00,USA,IND,20180621
P_C,india,0.00,USA,IND,20180621
PDR,india,0.00,USA,IND,20180621
GRO,india,0.00,USA,IND,20180621
FRS,india,0.00,USA,IND,20180621
TEX,india,0.00,USA,IND,20180621
COA,india,0.00,USA,IND,20180621
LEA,india,0.00,USA,IND,20180621
GDT,india,,USA,IND,20180621
CTL,india,0.00,USA,IND,20180621
CMT,india,0.00,USA,IND,20180621
B_T,india,0.00,USA,IND,20180621
OTN,india,0.00,USA,IND,20180621
MIL,india,0.00,USA,IND,20180621
V_F,india,0.14,USA,IND,20180621
PFB,india,0.00,USA,IND,20180621
NMM,mexb,0.00,USA,MEX,20180705
OFD,mexb,0.03,USA,MEX,20180705
B_T,mexb,0.01,USA,MEX,20180705
ELY,mexb,0.00,USA,MEX,20180705
WOL,mexb,0.00,USA,MEX,20180705
C_B,mexb,0.00,USA,MEX,20180705
OSD,mexb,0.00,USA,MEX,20180705
OAP,mexb,0.00,USA,MEX,20180705
COA,mexb,0.00,USA,MEX,20180705
OMF,mexb,0.00,USA,MEX,20180705
FMP,mexb,0.00,USA,MEX,20180705
OME,mexb,0.00,USA,MEX,20180705
P_C,mexb,0.00,USA,MEX,20180705
PFB,mexb,0.00,USA,MEX,20180705
GDT,mexb,0.00,USA,MEX,20180705
OTN,mexb,0.00,USA,MEX,20180705
WHT,mexb,0.00,USA,MEX,20180705
OMT,mexb,0.10,USA,MEX,20180705
NFM,mexb,0.00,USA,MEX,20180705
TEX,mexb,0.00,USA,MEX,20180705
FSH,mexb,0.00,USA,MEX,20180705
PCR,mexb,0.00,USA,MEX,20180705
CMT,mexb,0.00,USA,MEX,20180705
I_S,mexb,0.06,USA,MEX,20180705
ELE,mexb,0.00,USA,MEX,20180705
OIL,mexb,0.00,USA,MEX,20180705
LEA,mexb,0.00,USA,MEX,20180705
WAP,mexb,0.00,USA,MEX,20180705
PDR,mexb,0.00,USA,MEX,20180705
CRP,mexb,0.00,USA,MEX,20180705
CTL,mexb,0.00,USA,MEX,20180705
MIL,mexb,0.07,USA,MEX,20180705
GRO,mexb,0.00,USA,MEX,20180705
V_F,mexb,0.04,USA,MEX,20180705
SGR,mexb,0.00,USA,MEX,20180705
MVH,mexb,0.00,USA,MEX,20180705
PPP,mexb,0.00,USA,MEX,20180705
LUM,mexb,0.00,USA,MEX,20180705
GAS,mexb,0.00,USA,MEX,20180705
VOL,mexb,0.00,USA,MEX,20180705
FRS,mexb,0.00,USA,MEX,20180705
OMN,mexb,0.00,USA,MEX,20180705
OCR,mexb,0.00,USA,MEX,20180705
WHT,turkey,0.00,USA,TUR,20180621
WAP,turkey,0.00,USA,TUR,20180621
GDT,turkey,0.00,USA,TUR,20180621
OME,turkey,0.01,USA,TUR,20180621
OMN,turkey,0.00,USA,TUR,20180621
TEX,turkey,0.00,USA,TUR,20180621
ELY,turkey,0.00,USA,TUR,20180621
PPP,turkey,0.06,USA,TUR,20180621
OSD,turkey,0.00,USA,TUR,20180621
CMT,turkey,0.00,USA,TUR,20180621
CTL,turkey,0.00,USA,TUR,20180621
OFD,turkey,0.03,USA,TUR,20180621
I_S,turkey,0.00,USA,TUR,20180621
FSH,turkey,0.00,USA,TUR,20180621
CRP,turkey,0.03,USA,TUR,20180621
LUM,turkey,0.09,USA,TUR,20180621
LEA,turkey,0.00,USA,TUR,20180621
PDR,turkey,0.20,USA,TUR,20180621
FMP,turkey,0.03,USA,TUR,20180621
C_B,turkey,0.00,USA,TUR,20180621
VOL,turkey,0.00,USA,TUR,20180621
OTN,turkey,0.00,USA,TUR,20180621
NMM,turkey,0.00,USA,TUR,20180621
GAS,turkey,0.00,USA,TUR,20180621
FRS,turkey,0.07,USA,TUR,20180621
P_C,turkey,0.03,USA,TUR,20180621
PCR,turkey,0.20,USA,TUR,20180621
MVH,turkey,0.00,USA,TUR,20180621
OMT,turkey,0.00,USA,TUR,20180621
SGR,turkey,0.00,USA,TUR,20180621
B_T,turkey,0.00,USA,TUR,20180621
GRO,turkey,0.00,USA,TUR,20180621
V_F,turkey,0.05,USA,TUR,20180621
MIL,turkey,0.00,USA,TUR,20180621
OAP,turkey,0.00,USA,TUR,20180621
NFM,turkey,0.00,USA,TUR,20180621
WOL,turkey,0.00,USA,TUR,20180621
COA,turkey,0.10,USA,TUR,20180621
PFB,turkey,0.00,USA,TUR,20180621
OCR,turkey,0.20,USA,TUR,20180621
ELE,turkey,0.00,USA,TUR,20180621
OIL,turkey,0.00,USA,TUR,20180621
OMF,turkey,0.00,USA,TUR,20180621
TEX,us200b1,0.02,CHN,USA,20180924
PCR,us200b1,0.10,CHN,USA,20180924
ELE,us200b1,0.04,CHN,USA,20180924
PFB,us200b1,0.10,CHN,USA,20180924
V_F,us200b1,0.10,CHN,USA,20180924
OMN,us200b1,0.10,CHN,USA,20180924
I_S,us200b1,0.04,CHN,USA,20180924
FRS,us200b1,0.06,CHN,USA,20180924
OAP,us200b1,0.09,CHN,USA,20180924
OME,us200b1,0.06,CHN,USA,20180924
FSH,us200b1,0.09,CHN,USA,20180924
FMP,us200b1,0.07,CHN,USA,20180924
B_T,us200b1,0.03,CHN,USA,20180924
GRO,us200b1,0.10,CHN,USA,20180924
PDR,us200b1,0.10,CHN,USA,20180924
GAS,us200b1,0.10,CHN,USA,20180924
NMM,us200b1,0.06,CHN,USA,20180924
CTL,us200b1,0.08,CHN,USA,20180924
OSD,us200b1,0.10,CHN,USA,20180924
OTN,us200b1,0.04,CHN,USA,20180924
P_C,us200b1,0.10,CHN,USA,20180924
C_B,us200b1,0.10,CHN,USA,20180924
CMT,us200b1,0.10,CHN,USA,20180924
WHT,us200b1,0.10,CHN,USA,20180924
ELY,us200b1,0.10,CHN,USA,20180924
MIL,us200b1,0.01,CHN,USA,20180924
OCR,us200b1,0.05,CHN,USA,20180924
NFM,us200b1,0.04,CHN,USA,20180924
LEA,us200b1,0.03,CHN,USA,20180924
OMF,us200b1,0.00,CHN,USA,20180924
LUM,us200b1,0.08,CHN,USA,20180924
CRP,us200b1,0.05,CHN,USA,20180924
OMT,us200b1,0.10,CHN,USA,20180924
VOL,us200b1,0.07,CHN,USA,20180924
OFD,us200b1,0.09,CHN,USA,20180924
MVH,us200b1,0.09,CHN,USA,20180924
GDT,us200b1,0.10,CHN,USA,20180924
SGR,us200b1,0.07,CHN,USA,20180924
WAP,us200b1,0.01,CHN,USA,20180924
OIL,us200b1,0.10,CHN,USA,20180924
WOL,us200b1,0.10,CHN,USA,20180924
COA,us200b1,0.10,CHN,USA,20180924
PPP,us200b1,0.06,CHN,USA,20180924
V_F,us200b2,0.15,CHN,USA,20190509
WAP,us200b2,0.01,CHN,USA,20190509
LEA,us200b2,0.05,CHN,USA,20190509
PPP,us200b2,0.09,CHN,USA,20190509
C_B,us200b2,0.15,CHN,USA,20190509
NFM,us200b2,0.05,CHN,USA,20190509
OAP,us200b2,0.13,CHN,USA,20190509
COA,us200b2,0.15,CHN,USA,20190509
OME,us200b2,0.08,CHN,USA,20190509
OIL,us200b2,0.15,CHN,USA,20190509
OSD,us200b2,0.15,CHN,USA,20190509
CTL,us200b2,0.12,CHN,USA,20190509
FRS,us200b2,0.09,CHN,USA,20190509
WOL,us200b2,0.15,CHN,USA,20190509
FSH,us200b2,0.14,CHN,USA,20190509
OTN,us200b2,0.06,CHN,USA,20190509
LUM,us200b2,0.12,CHN,USA,20190509
OCR,us200b2,0.07,CHN,USA,20190509
OFD,us200b2,0.13,CHN,USA,20190509
FMP,us200b2,0.10,CHN,USA,20190509
PDR,us200b2,0.15,CHN,USA,20190509
ELY,us200b2,0.15,CHN,USA,20190509
GDT,us200b2,0.15,CHN,USA,20190509
ELE,us200b2,0.06,CHN,USA,20190509
P_C,us200b2,0.15,CHN,USA,20190509
VOL,us200b2,0.11,CHN,USA,20190509
PFB,us200b2,0.15,CHN,USA,20190509
B_T,us200b2,0.05,CHN,USA,20190509
I_S,us200b2,0.07,CHN,USA,20190509
OMF,us200b2,0.00,CHN,USA,20190509
CRP,us200b2,0.08,CHN,USA,20190509
OMN,us200b2,0.15,CHN,USA,20190509
GRO,us200b2,0.15,CHN,USA,20190509
CMT,us200b2,0.15,CHN,USA,20190509
NMM,us200b2,0.09,CHN,USA,20190509
SGR,us200b2,0.11,CHN,USA,20190509
MIL,us200b2,0.01,CHN,USA,20190509
MVH,us200b2,0.13,CHN,USA,20190509
WHT,us200b2,0.15,CHN,USA,20190509
TEX,us200b2,0.03,CHN,USA,20190509
GAS,us200b2,0.15,CHN,USA,20190509
OMT,us200b2,0.15,CHN,USA,20190509
PCR,us200b2,0.15,CHN,USA,20190509
PFB,us300b1,0.00,CHN,USA,20190901
PPP,us300b1,0.06,CHN,USA,20190901
NFM,us300b1,0.10,CHN,USA,20190901
CRP,us300b1,0.05,CHN,USA,20190901
SGR,us300b1,0.15,CHN,USA,20190901
C_B,us300b1,0.00,CHN,USA,20190901
FMP,us300b1,0.03,CHN,USA,20190901
OMF,us300b1,0.07,CHN,USA,20190901
B_T,us300b1,0.04,CHN,USA,20190901
I_S,us300b1,0.08,CHN,USA,20190901
PCR,us300b1,0.00,CHN,USA,20190901
ELE,us300b1,0.04,CHN,USA,20190901
GRO,us300b1,0.00,CHN,USA,20190901
OMN,us300b1,0.00,CHN,USA,20190901
V_F,us300b1,0.05,CHN,USA,20190901
P_C,us300b1,0.02,CHN,USA,20190901
GDT,us300b1,0.00,CHN,USA,20190901
CTL,us300b1,0.03,CHN,USA,20190901
LUM,us300b1,0.02,CHN,USA,20190901
CMT,us300b1,0.00,CHN,USA,20190901
OMT,us300b1,0.11,CHN,USA,20190901
OFD,us300b1,0.04,CHN,USA,20190901
NMM,us300b1,0.04,CHN,USA,20190901
OCR,us300b1,0.12,CHN,USA,20190901
TEX,us300b1,0.11,CHN,USA,20190901
LEA,us300b1,0.10,CHN,USA,20190901
WOL,us300b1,0.00,CHN,USA,20190901
OTN,us300b1,0.01,CHN,USA,20190901
OIL,us300b1,0.00,CHN,USA,20190901
COA,us300b1,0.00,CHN,USA,20190901
OAP,us300b1,0.10,CHN,USA,20190901
OME,us300b1,0.04,CHN,USA,20190901
WHT,us300b1,0.00,CHN,USA,20190901
FRS,us300b1,0.09,CHN,USA,20190901
PDR,us300b1,0.00,CHN,USA,20190901
ELY,us300b1,0.00,CHN,USA,20190901
MVH,us300b1,0.00,CHN,USA,20190901
VOL,us300b1,0.04,CHN,USA,20190901
FSH,us300b1,0.01,CHN,USA,20190901
OSD,us300b1,0.00,CHN,USA,20190901
GAS,us300b1,0.00,CHN,USA,20190901
MIL,us300b1,0.14,CHN,USA,20190901
WAP,us300b1,0.14,CHN,USA,20190901
P_C,us300b2,0.00,CHN,USA,20191215
MIL,us300b2,0.00,CHN,USA,20191215
OIL,us300b2,0.00,CHN,USA,20191215
CRP,us300b2,0.04,CHN,USA,20191215
OFD,us300b2,0.00,CHN,USA,20191215
LUM,us300b2,0.03,CHN,USA,20191215
OMF,us300b2,0.12,CHN,USA,20191215
C_B,us300b2,0.00,CHN,USA,20191215
NMM,us300b2,0.04,CHN,USA,20191215
I_S,us300b2,0.00,CHN,USA,20191215
FRS,us300b2,0.00,CHN,USA,20191215
OME,us300b2,0.02,CHN,USA,20191215
ELE,us300b2,0.09,CHN,USA,20191215
PCR,us300b2,0.00,CHN,USA,20191215
WOL,us300b2,0.00,CHN,USA,20191215
GRO,us300b2,0.00,CHN,USA,20191215
OMN,us300b2,0.00,CHN,USA,20191215
SGR,us300b2,0.00,CHN,USA,20191215
B_T,us300b2,0.04,CHN,USA,20191215
WAP,us300b2,0.02,CHN,USA,20191215
CTL,us300b2,0.00,CHN,USA,20191215
FSH,us300b2,0.00,CHN,USA,20191215
PFB,us300b2,0.00,CHN,USA,20191215
FMP,us300b2,0.04,CHN,USA,20191215
PPP,us300b2,0.03,CHN,USA,20191215
OTN,us300b2,0.00,CHN,USA,20191215
VOL,us300b2,0.00,CHN,USA,20191215
CMT,us300b2,0.00,CHN,USA,20191215
V_F,us300b2,0.05,CHN,USA,20191215
NFM,us300b2,0.00,CHN,USA,20191215
OMT,us300b2,0.00,CHN,USA,20191215
OSD,us300b2,0.00,CHN,USA,20191215
OCR,us300b2,0.01,CHN,USA,20191215
COA,us300b2,0.00,CHN,USA,20191215
TEX,us300b2,0.08,CHN,USA,20191215
LEA,us300b2,0.08,CHN,USA,20191215
WHT,us300b2,0.00,CHN,USA,20191215
OAP,us300b2,0.00,CHN,USA,20191215
PDR,us300b2,0.00,CHN,USA,20191215
ELY,us300b2,0.00,CHN,USA,20191215
MVH,us300b2,0.00,CHN,USA,20191215
GAS,us300b2,0.00,CHN,USA,20191215
GDT,us300b2,0.00,CHN,USA,20191215
WAP,us_ARE_sa,0.00,ARE,USA,20180323
SGR,us_ARE_sa,0.00,ARE,USA,20180323
TEX,us_ARE_sa,0.00,ARE,USA,20180323
GRO,us_ARE_sa,0.00,ARE,USA,20180323
FMP,us_ARE_sa,0.00,ARE,USA,20180323
LEA,us_ARE_sa,0.00,ARE,USA,20180323
CMT,us_ARE_sa,0.00,ARE,USA,20180323
COA,us_ARE_sa,0.00,ARE,USA,20180323
FRS,us_ARE_sa,0.00,ARE,USA,20180323
PCR,us_ARE_sa,0.00,ARE,USA,20180323
C_B,us_ARE_sa,0.00,ARE,USA,20180323
FSH,us_ARE_sa,0.00,ARE,USA,20180323
V_F,us_ARE_sa,0.00,ARE,USA,20180323
CRP,us_ARE_sa,0.00,ARE,USA,20180323
OCR,us_ARE_sa,0.00,ARE,USA,20180323
OMT,us_ARE_sa,0.00,ARE,USA,20180323
ELY,us_ARE_sa,0.00,ARE,USA,20180323
OFD,us_ARE_sa,0.00,ARE,USA,20180323
OMF,us_ARE_sa,0.00,ARE,USA,20180323
GAS,us_ARE_sa,0.00,ARE,USA,20180323
CTL,us_ARE_sa,0.00,ARE,USA,20180323
I_S,us_ARE_sa,0.22,ARE,USA,20180323
WHT,us_ARE_sa,0.00,ARE,USA,20180323
B_T,us_ARE_sa,0.00,ARE,USA,20180323
VOL,us_ARE_sa,0.00,ARE,USA,20180323
OIL,us_ARE_sa,0.00,ARE,USA,20180323
GDT,us_ARE_sa,0.00,ARE,USA,20180323
OAP,us_ARE_sa,0.00,ARE,USA,20180323
OMN,us_ARE_sa,0.00,ARE,USA,20180323
PPP,us_ARE_sa,0.00,ARE,USA,20180323
NFM,us_ARE_sa,0.10,ARE,USA,20180323
PFB,us_ARE_sa,0.00,ARE,USA,20180323
OTN,us_ARE_sa,0.00,ARE,USA,20180323
P_C,us_ARE_sa,0.00,ARE,USA,20180323
OME,us_ARE_sa,0.00,ARE,USA,20180323
PDR,us_ARE_sa,0.00,ARE,USA,20180323
MVH,us_ARE_sa,0.00,ARE,USA,20180323
ELE,us_ARE_sa,0.00,ARE,USA,20180323
WOL,us_ARE_sa,0.00,ARE,USA,20180323
LUM,us_ARE_sa,0.00,ARE,USA,20180323
OSD,us_ARE_sa,0.00,ARE,USA,20180323
MIL,us_ARE_sa,0.00,ARE,USA,20180323
NMM,us_ARE_sa,0.00,ARE,USA,20180323
OMF,us_ARG_sa,0.00,ARG,USA,20180323
WOL,us_ARG_sa,0.00,ARG,USA,20180323
OIL,us_ARG_sa,0.00,ARG,USA,20180323
TEX,us_ARG_sa,0.00,ARG,USA,20180323
ELY,us_ARG_sa,0.00,ARG,USA,20180323
LUM,us_ARG_sa,0.00,ARG,USA,20180323
FSH,us_ARG_sa,0.00,ARG,USA,20180323
MVH,us_ARG_sa,0.00,ARG,USA,20180323
COA,us_ARG_sa,0.00,ARG,USA,20180323
PPP,us_ARG_sa,0.00,ARG,USA,20180323
LEA,us_ARG_sa,0.00,ARG,USA,20180323
PCR,us_ARG_sa,0.00,ARG,USA,20180323
NMM,us_ARG_sa,0.00,ARG,USA,20180323
OME,us_ARG_sa,0.00,ARG,USA,20180323
I_S,us_ARG_sa,0.00,ARG,USA,20180323
OSD,us_ARG_sa,0.00,ARG,USA,20180323
V_F,us_ARG_sa,0.00,ARG,USA,20180323
FMP,us_ARG_sa,0.00,ARG,USA,20180323
B_T,us_ARG_sa,0.00,ARG,USA,20180323
MIL,us_ARG_sa,0.00,ARG,USA,20180323
PDR,us_ARG_sa,0.00,ARG,USA,20180323
OTN,us_ARG_sa,0.00,ARG,USA,20180323
OAP,us_ARG_sa,0.00,ARG,USA,20180323
CTL,us_ARG_sa,0.00,ARG,USA,20180323
PFB,us_ARG_sa,0.00,ARG,USA,20180323
VOL,us_ARG_sa,0.00,ARG,USA,20180323
OFD,us_ARG_sa,0.00,ARG,USA,20180323
WHT,us_ARG_sa,0.00,ARG,USA,20180323
GRO,us_ARG_sa,0.00,ARG,USA,20180323
C_B,us_ARG_sa,0.00,ARG,USA,20180323
OMN,us_ARG_sa,0.00,ARG,USA,20180323
GAS,us_ARG_sa,0.00,ARG,USA,20180323
GDT,us_ARG_sa,0.00,ARG,USA,20180323
SGR,us_ARG_sa,0.00,ARG,USA,20180323
ELE,us_ARG_sa,0.00,ARG,USA,20180323
P_C,us_ARG_sa,0.00,ARG,USA,20180323
NFM,us_ARG_sa,0.00,ARG,USA,20180323
CMT,us_ARG_sa,0.00,ARG,USA,20180323
CRP,us_ARG_sa,0.00,ARG,USA,20180323
WAP,us_ARG_sa,0.00,ARG,USA,20180323
OMT,us_ARG_sa,0.00,ARG,USA,20180323
OCR,us_ARG_sa,0.00,ARG,USA,20180323
FRS,us_ARG_sa,0.00,ARG,USA,20180323
I_S,us_AUS_sa,0.00,AUS,USA,20180323
ELY,us_AUS_sa,0.00,AUS,USA,20180323
COA,us_AUS_sa,0.00,AUS,USA,20180323
CMT,us_AUS_sa,0.00,AUS,USA,20180323
GDT,us_AUS_sa,0.00,AUS,USA,20180323
V_F,us_AUS_sa,0.00,AUS,USA,20180323
OME,us_AUS_sa,0.00,AUS,USA,20180323
NFM,us_AUS_sa,0.00,AUS,USA,20180323
PCR,us_AUS_sa,0.00,AUS,USA,20180323
OMT,us_AUS_sa,0.00,AUS,USA,20180323
WHT,us_AUS_sa,0.00,AUS,USA,20180323
B_T,us_AUS_sa,0.00,AUS,USA,20180323
CTL,us_AUS_sa,0.00,AUS,USA,20180323
TEX,us_AUS_sa,0.00,AUS,USA,20180323
MIL,us_AUS_sa,0.00,AUS,USA,20180323
NMM,us_AUS_sa,0.00,AUS,USA,20180323
OTN,us_AUS_sa,0.00,AUS,USA,20180323
P_C,us_AUS_sa,0.00,AUS,USA,20180323
WOL,us_AUS_sa,0.00,AUS,USA,20180323
FRS,us_AUS_sa,0.00,AUS,USA,20180323
OAP,us_AUS_sa,0.00,AUS,USA,20180323
PPP,us_AUS_sa,0.00,AUS,USA,20180323
CRP,us_AUS_sa,0.00,AUS,USA,20180323
WAP,us_AUS_sa,0.00,AUS,USA,20180323
OCR,us_AUS_sa,0.00,AUS,USA,20180323
FSH,us_AUS_sa,0.00,AUS,USA,20180323
LUM,us_AUS_sa,0.00,AUS,USA,20180323
PDR,us_AUS_sa,0.00,AUS,USA,20180323
PFB,us_AUS_sa,0.00,AUS,USA,20180323
LEA,us_AUS_sa,0.00,AUS,USA,20180323
GRO,us_AUS_sa,0.00,AUS,USA,20180323
OMN,us_AUS_sa,0.00,AUS,USA,20180323
OMF,us_AUS_sa,0.00,AUS,USA,20180323
VOL,us_AUS_sa,0.00,AUS,USA,20180323
FMP,us_AUS_sa,0.00,AUS,USA,20180323
OSD,us_AUS_sa,0.00,AUS,USA,20180323
SGR,us_AUS_sa,0.00,AUS,USA,20180323
OFD,us_AUS_sa,0.00,AUS,USA,20180323
OIL,us_AUS_sa,0.00,AUS,USA,20180323
GAS,us_AUS_sa,0.00,AUS,USA,20180323
MVH,us_AUS_sa,0.00,AUS,USA,20180323
ELE,us_AUS_sa,0.00,AUS,USA,20180323
C_B,us_AUS_sa,0.00,AUS,USA,20180323
PDR,us_BHR_sa,0.00,BHR,USA,20180323
OME,us_BHR_sa,0.00,BHR,USA,20180323
LUM,us_BHR_sa,0.00,BHR,USA,20180323
VOL,us_BHR_sa,0.00,BHR,USA,20180323
MIL,us_BHR_sa,0.00,BHR,USA,20180323
CTL,us_BHR_sa,0.00,BHR,USA,20180323
OAP,us_BHR_sa,0.00,BHR,USA,20180323
WHT,us_BHR_sa,0.00,BHR,USA,20180323
TEX,us_BHR_sa,0.00,BHR,USA,20180323
FRS,us_BHR_sa,0.00,BHR,USA,20180323
GAS,us_BHR_sa,0.00,BHR,USA,20180323
NMM,us_BHR_sa,0.00,BHR,USA,20180323
GDT,us_BHR_sa,0.00,BHR,USA,20180323
PCR,us_BHR_sa,0.00,BHR,USA,20180323
OSD,us_BHR_sa,0.00,BHR,USA,20180323
COA,us_BHR_sa,0.00,BHR,USA,20180323
OFD,us_BHR_sa,0.00,BHR,USA,20180323
OIL,us_BHR_sa,0.00,BHR,USA,20180323
LEA,us_BHR_sa,0.00,BHR,USA,20180323
SGR,us_BHR_sa,0.00,BHR,USA,20180323
V_F,us_BHR_sa,0.00,BHR,USA,20180323
CMT,us_BHR_sa,0.00,BHR,USA,20180323
P_C,us_BHR_sa,0.00,BHR,USA,20180323
I_S,us_BHR_sa,0.05,BHR,USA,20180323
FMP,us_BHR_sa,0.00,BHR,USA,20180323
CRP,us_BHR_sa,0.00,BHR,USA,20180323
FSH,us_BHR_sa,0.00,BHR,USA,20180323
OCR,us_BHR_sa,0.00,BHR,USA,20180323
ELE,us_BHR_sa,0.00,BHR,USA,20180323
OMN,us_BHR_sa,0.00,BHR,USA,20180323
MVH,us_BHR_sa,0.00,BHR,USA,20180323
PPP,us_BHR_sa,0.00,BHR,USA,20180323
GRO,us_BHR_sa,0.00,BHR,USA,20180323
WOL,us_BHR_sa,0.00,BHR,USA,20180323
ELY,us_BHR_sa,0.00,BHR,USA,20180323
NFM,us_BHR_sa,0.10,BHR,USA,20180323
OMF,us_BHR_sa,0.00,BHR,USA,20180323
WAP,us_BHR_sa,0.00,BHR,USA,20180323
OTN,us_BHR_sa,0.00,BHR,USA,20180323
PFB,us_BHR_sa,0.00,BHR,USA,20180323
B_T,us_BHR_sa,0.00,BHR,USA,20180323
C_B,us_BHR_sa,0.00,BHR,USA,20180323
OMT,us_BHR_sa,0.00,BHR,USA,20180323
GRO,us_BRA_sa,0.00,BRA,USA,20180323
VOL,us_BRA_sa,0.00,BRA,USA,20180323
WOL,us_BRA_sa,0.00,BRA,USA,20180323
PPP,us_BRA_sa,0.00,BRA,USA,20180323
NMM,us_BRA_sa,0.00,BRA,USA,20180323
CRP,us_BRA_sa,0.00,BRA,USA,20180323
OIL,us_BRA_sa,0.00,BRA,USA,20180323
CMT,us_BRA_sa,0.00,BRA,USA,20180323
LEA,us_BRA_sa,0.00,BRA,USA,20180323
V_F,us_BRA_sa,0.00,BRA,USA,20180323
OME,us_BRA_sa,0.00,BRA,USA,20180323
C_B,us_BRA_sa,0.00,BRA,USA,20180323
FMP,us_BRA_sa,0.00,BRA,USA,20180323
OTN,us_BRA_sa,0.00,BRA,USA,20180323
COA,us_BRA_sa,0.00,BRA,USA,20180323
GAS,us_BRA_sa,0.00,BRA,USA,20180323
OAP,us_BRA_sa,0.00,BRA,USA,20180323
NFM,us_BRA_sa,0.02,BRA,USA,20180323
I_S,us_BRA_sa,0.00,BRA,USA,20180323
LUM,us_BRA_sa,0.00,BRA,USA,20180323
MVH,us_BRA_sa,0.00,BRA,USA,20180323
SGR,us_BRA_sa,0.00,BRA,USA,20180323
OMN,us_BRA_sa,0.00,BRA,USA,20180323
MIL,us_BRA_sa,0.00,BRA,USA,20180323
OMF,us_BRA_sa,0.00,BRA,USA,20180323
OFD,us_BRA_sa,0.00,BRA,USA,20180323
FRS,us_BRA_sa,0.00,BRA,USA,20180323
OSD,us_BRA_sa,0.00,BRA,USA,20180323
PDR,us_BRA_sa,0.00,BRA,USA,20180323
P_C,us_BRA_sa,0.00,BRA,USA,20180323
CTL,us_BRA_sa,0.00,BRA,USA,20180323
ELY,us_BRA_sa,0.00,BRA,USA,20180323
OMT,us_BRA_sa,0.00,BRA,USA,20180323
WHT,us_BRA_sa,0.00,BRA,USA,20180323
PFB,us_BRA_sa,0.00,BRA,USA,20180323
PCR,us_BRA_sa,0.00,BRA,USA,20180323
WAP,us_BRA_sa,0.00,BRA,USA,20180323
OCR,us_BRA_sa,0.00,BRA,USA,20180323
B_T,us_BRA_sa,0.00,BRA,USA,20180323
GDT,us_BRA_sa,0.00,BRA,USA,20180323
ELE,us_BRA_sa,0.00,BRA,USA,20180323
TEX,us_BRA_sa,0.00,BRA,USA,20180323
FSH,us_BRA_sa,0.00,BRA,USA,20180323
OSD,us_IND_sa,0.00,IND,USA,20180323
OMT,us_IND_sa,0.00,IND,USA,20180323
OIL,us_IND_sa,0.00,IND,USA,20180323
P_C,us_IND_sa,0.00,IND,USA,20180323
LEA,us_IND_sa,0.00,IND,USA,20180323
NFM,us_IND_sa,0.05,IND,USA,20180323
WHT,us_IND_sa,0.00,IND,USA,20180323
ELE,us_IND_sa,0.00,IND,USA,20180323
FMP,us_IND_sa,0.00,IND,USA,20180323
FRS,us_IND_sa,0.00,IND,USA,20180323
LUM,us_IND_sa,0.00,IND,USA,20180323
C_B,us_IND_sa,0.00,IND,USA,20180323
GAS,us_IND_sa,0.00,IND,USA,20180323
OMN,us_IND_sa,0.00,IND,USA,20180323
B_T,us_IND_sa,0.00,IND,USA,20180323
GDT,us_IND_sa,0.00,IND,USA,20180323
WAP,us_IND_sa,0.00,IND,USA,20180323
I_S,us_IND_sa,0.16,IND,USA,20180323
FSH,us_IND_sa,0.00,IND,USA,20180323
VOL,us_IND_sa,0.00,IND,USA,20180323
COA,us_IND_sa,0.00,IND,USA,20180323
PDR,us_IND_sa,0.00,IND,USA,20180323
OTN,us_IND_sa,0.00,IND,USA,20180323
OMF,us_IND_sa,0.00,IND,USA,20180323
PCR,us_IND_sa,0.00,IND,USA,20180323
OFD,us_IND_sa,0.00,IND,USA,20180323
OCR,us_IND_sa,0.00,IND,USA,20180323
V_F,us_IND_sa,0.00,IND,USA,20180323
TEX,us_IND_sa,0.00,IND,USA,20180323
PFB,us_IND_sa,0.00,IND,USA,20180323
NMM,us_IND_sa,0.00,IND,USA,20180323
MIL,us_IND_sa,0.00,IND,USA,20180323
WOL,us_IND_sa,0.00,IND,USA,20180323
OAP,us_IND_sa,0.00,IND,USA,20180323
CMT,us_IND_sa,0.00,IND,USA,20180323
ELY,us_IND_sa,0.00,IND,USA,20180323
GRO,us_IND_sa,0.00,IND,USA,20180323
OME,us_IND_sa,0.00,IND,USA,20180323
CRP,us_IND_sa,0.00,IND,USA,20180323
PPP,us_IND_sa,0.00,IND,USA,20180323
MVH,us_IND_sa,0.00,IND,USA,20180323
SGR,us_IND_sa,0.00,IND,USA,20180323
CTL,us_IND_sa,0.00,IND,USA,20180323
OAP,us_JPN_sa,0.00,JPN,USA,20180323
PCR,us_JPN_sa,0.00,JPN,USA,20180323
I_S,us_JPN_sa,0.21,JPN,USA,20180323
P_C,us_JPN_sa,0.00,JPN,USA,20180323
SGR,us_JPN_sa,0.00,JPN,USA,20180323
CMT,us_JPN_sa,0.00,JPN,USA,20180323
TEX,us_JPN_sa,0.00,JPN,USA,20180323
WHT,us_JPN_sa,0.00,JPN,USA,20180323
OSD,us_JPN_sa,0.00,JPN,USA,20180323
GDT,us_JPN_sa,0.00,JPN,USA,20180323
WOL,us_JPN_sa,0.00,JPN,USA,20180323
ELY,us_JPN_sa,0.00,JPN,USA,20180323
FSH,us_JPN_sa,0.00,JPN,USA,20180323
OME,us_JPN_sa,0.00,JPN,USA,20180323
C_B,us_JPN_sa,0.00,JPN,USA,20180323
ELE,us_JPN_sa,0.00,JPN,USA,20180323
GRO,us_JPN_sa,0.00,JPN,USA,20180323
OIL,us_JPN_sa,0.00,JPN,USA,20180323
MIL,us_JPN_sa,0.00,JPN,USA,20180323
GAS,us_JPN_sa,0.00,JPN,USA,20180323
NFM,us_JPN_sa,0.02,JPN,USA,20180323
OCR,us_JPN_sa,0.00,JPN,USA,20180323
OMF,us_JPN_sa,0.00,JPN,USA,20180323
PDR,us_JPN_sa,0.00,JPN,USA,20180323
V_F,us_JPN_sa,0.00,JPN,USA,20180323
LUM,us_JPN_sa,0.00,JPN,USA,20180323
OTN,us_JPN_sa,0.00,JPN,USA,20180323
VOL,us_JPN_sa,0.00,JPN,USA,20180323
COA,us_JPN_sa,0.00,JPN,USA,20180323
CRP,us_JPN_sa,0.00,JPN,USA,20180323
FRS,us_JPN_sa,0.00,JPN,USA,20180323
PPP,us_JPN_sa,0.00,JPN,USA,20180323
FMP,us_JPN_sa,0.00,JPN,USA,20180323
MVH,us_JPN_sa,0.00,JPN,USA,20180323
PFB,us_JPN_sa,0.00,JPN,USA,20180323
WAP,us_JPN_sa,0.00,JPN,USA,20180323
NMM,us_JPN_sa,0.00,JPN,USA,20180323
OMN,us_JPN_sa,0.00,JPN,USA,20180323
CTL,us_JPN_sa,0.00,JPN,USA,20180323
B_T,us_JPN_sa,0.00,JPN,USA,20180323
OFD,us_JPN_sa,0.00,JPN,USA,20180323
OMT,us_JPN_sa,0.00,JPN,USA,20180323
LEA,us_JPN_sa,0.00,JPN,USA,20180323
COA,us_KOR_sa,0.00,KOR,USA,20180323
CTL,us_KOR_sa,0.00,KOR,USA,20180323
OAP,us_KOR_sa,0.00,KOR,USA,20180323
WAP,us_KOR_sa,0.00,KOR,USA,20180323
GDT,us_KOR_sa,0.00,KOR,USA,20180323
PDR,us_KOR_sa,0.00,KOR,USA,20180323
LUM,us_KOR_sa,0.00,KOR,USA,20180323
NFM,us_KOR_sa,0.01,KOR,USA,20180323
VOL,us_KOR_sa,0.00,KOR,USA,20180323
OMT,us_KOR_sa,0.00,KOR,USA,20180323
CMT,us_KOR_sa,0.00,KOR,USA,20180323
OCR,us_KOR_sa,0.00,KOR,USA,20180323
SGR,us_KOR_sa,0.00,KOR,USA,20180323
OIL,us_KOR_sa,0.00,KOR,USA,20180323
FSH,us_KOR_sa,0.00,KOR,USA,20180323
OTN,us_KOR_sa,0.00,KOR,USA,20180323
WHT,us_KOR_sa,0.00,KOR,USA,20180323
ELE,us_KOR_sa,0.00,KOR,USA,20180323
V_F,us_KOR_sa,0.00,KOR,USA,20180323
FMP,us_KOR_sa,0.00,KOR,USA,20180323
WOL,us_KOR_sa,0.00,KOR,USA,20180323
NMM,us_KOR_sa,0.00,KOR,USA,20180323
GRO,us_KOR_sa,0.00,KOR,USA,20180323
C_B,us_KOR_sa,0.00,KOR,USA,20180323
PPP,us_KOR_sa,0.00,KOR,USA,20180323
CRP,us_KOR_sa,0.00,KOR,USA,20180323
PFB,us_KOR_sa,0.00,KOR,USA,20180323
ELY,us_KOR_sa,0.00,KOR,USA,20180323
P_C,us_KOR_sa,0.00,KOR,USA,20180323
PCR,us_KOR_sa,0.00,KOR,USA,20180323
OMN,us_KOR_sa,0.00,KOR,USA,20180323
OFD,us_KOR_sa,0.00,KOR,USA,20180323
MIL,us_KOR_sa,0.00,KOR,USA,20180323
FRS,us_KOR_sa,0.00,KOR,USA,20180323
B_T,us_KOR_sa,0.00,KOR,USA,20180323
OSD,us_KOR_sa,0.00,KOR,USA,20180323
GAS,us_KOR_sa,0.00,KOR,USA,20180323
OMF,us_KOR_sa,0.00,KOR,USA,20180323
OME,us_KOR_sa,0.00,KOR,USA,20180323
I_S,us_KOR_sa,0.00,KOR,USA,20180323
TEX,us_KOR_sa,0.00,KOR,USA,20180323
LEA,us_KOR_sa,0.00,KOR,USA,20180323
MVH,us_KOR_sa,0.00,KOR,USA,20180323
OSD,us_QAT_sa,0.00,QAT,USA,20180323
LEA,us_QAT_sa,0.00,QAT,USA,20180323
ELY,us_QAT_sa,0.00,QAT,USA,20180323
OTN,us_QAT_sa,0.00,QAT,USA,20180323
CTL,us_QAT_sa,0.00,QAT,USA,20180323
MVH,us_QAT_sa,0.00,QAT,USA,20180323
TEX,us_QAT_sa,0.00,QAT,USA,20180323
CMT,us_QAT_sa,0.00,QAT,USA,20180323
COA,us_QAT_sa,0.00,QAT,USA,20180323
PFB,us_QAT_sa,0.00,QAT,USA,20180323
PPP,us_QAT_sa,0.00,QAT,USA,20180323
FSH,us_QAT_sa,0.00,QAT,USA,20180323
OMF,us_QAT_sa,0.00,QAT,USA,20180323
VOL,us_QAT_sa,0.00,QAT,USA,20180323
I_S,us_QAT_sa,0.25,QAT,USA,20180323
ELE,us_QAT_sa,0.00,QAT,USA,20180323
PDR,us_QAT_sa,0.00,QAT,USA,20180323
C_B,us_QAT_sa,0.00,QAT,USA,20180323
NFM,us_QAT_sa,0.10,QAT,USA,20180323
OCR,us_QAT_sa,0.00,QAT,USA,20180323
WOL,us_QAT_sa,0.00,QAT,USA,20180323
OFD,us_QAT_sa,0.00,QAT,USA,20180323
GAS,us_QAT_sa,0.00,QAT,USA,20180323
P_C,us_QAT_sa,0.00,QAT,USA,20180323
LUM,us_QAT_sa,0.00,QAT,USA,20180323
WHT,us_QAT_sa,0.00,QAT,USA,20180323
GRO,us_QAT_sa,0.00,QAT,USA,20180323
OME,us_QAT_sa,0.00,QAT,USA,20180323
OIL,us_QAT_sa,0.00,QAT,USA,20180323
PCR,us_QAT_sa,0.00,QAT,USA,20180323
GDT,us_QAT_sa,0.00,QAT,USA,20180323
NMM,us_QAT_sa,0.00,QAT,USA,20180323
SGR,us_QAT_sa,0.00,QAT,USA,20180323
CRP,us_QAT_sa,0.00,QAT,USA,20180323
V_F,us_QAT_sa,0.00,QAT,USA,20180323
FMP,us_QAT_sa,0.00,QAT,USA,20180323
MIL,us_QAT_sa,0.00,QAT,USA,20180323
B_T,us_QAT_sa,0.00,QAT,USA,20180323
FRS,us_QAT_sa,0.00,QAT,USA,20180323
OMN,us_QAT_sa,0.00,QAT,USA,20180323
OAP,us_QAT_sa,0.00,QAT,USA,20180323
OMT,us_QAT_sa,0.00,QAT,USA,20180323
WAP,us_QAT_sa,0.00,QAT,USA,20180323
PPP,us_ROW_sa,0.00,ROW,USA,20180323
WAP,us_ROW_sa,0.00,ROW,USA,20180323
B_T,us_ROW_sa,0.00,ROW,USA,20180323
WOL,us_ROW_sa,0.00,ROW,USA,20180323
MIL,us_ROW_sa,0.00,ROW,USA,20180323
NMM,us_ROW_sa,0.00,ROW,USA,20180323
OSD,us_ROW_sa,0.00,ROW,USA,20180323
OTN,us_ROW_sa,0.00,ROW,USA,20180323
OMN,us_ROW_sa,0.00,ROW,USA,20180323
LUM,us_ROW_sa,0.00,ROW,USA,20180323
LEA,us_ROW_sa,0.00,ROW,USA,20180323
OFD,us_ROW_sa,0.00,ROW,USA,20180323
TEX,us_ROW_sa,0.00,ROW,USA,20180323
OAP,us_ROW_sa,0.00,ROW,USA,20180323
OCR,us_ROW_sa,0.00,ROW,USA,20180323
OMF,us_ROW_sa,0.00,ROW,USA,20180323
COA,us_ROW_sa,0.00,ROW,USA,20180323
CTL,us_ROW_sa,0.00,ROW,USA,20180323
ELY,us_ROW_sa,0.00,ROW,USA,20180323
VOL,us_ROW_sa,0.00,ROW,USA,20180323
CMT,us_ROW_sa,0.00,ROW,USA,20180323
SGR,us_ROW_sa,0.00,ROW,USA,20180323
GAS,us_ROW_sa,0.00,ROW,USA,20180323
PFB,us_ROW_sa,0.00,ROW,USA,20180323
MVH,us_ROW_sa,0.00,ROW,USA,20180323
NFM,us_ROW_sa,0.02,ROW,USA,20180323
P_C,us_ROW_sa,0.00,ROW,USA,20180323
V_F,us_ROW_sa,0.00,ROW,USA,20180323
I_S,us_ROW_sa,0.18,ROW,USA,20180323
OMT,us_ROW_sa,0.00,ROW,USA,20180323
FRS,us_ROW_sa,0.00,ROW,USA,20180323
ELE,us_ROW_sa,0.00,ROW,USA,20180323
PCR,us_ROW_sa,0.00,ROW,USA,20180323
FSH,us_ROW_sa,0.00,ROW,USA,20180323
WHT,us_ROW_sa,0.00,ROW,USA,20180323
GDT,us_ROW_sa,0.00,ROW,USA,20180323
OIL,us_ROW_sa,0.00,ROW,USA,20180323
OME,us_ROW_sa,0.00,ROW,USA,20180323
C_B,us_ROW_sa,0.00,ROW,USA,20180323
PDR,us_ROW_sa,0.00,ROW,USA,20180323
GRO,us_ROW_sa,0.00,ROW,USA,20180323
CRP,us_ROW_sa,0.00,ROW,USA,20180323
FMP,us_ROW_sa,0.00,ROW,USA,20180323
OSD,us_RUS_sa,0.00,RUS,USA,20180323
TEX,us_RUS_sa,0.00,RUS,USA,20180323
OME,us_RUS_sa,0.00,RUS,USA,20180323
WOL,us_RUS_sa,0.00,RUS,USA,20180323
SGR,us_RUS_sa,0.00,RUS,USA,20180323
GDT,us_RUS_sa,0.00,RUS,USA,20180323
CTL,us_RUS_sa,0.00,RUS,USA,20180323
OAP,us_RUS_sa,0.00,RUS,USA,20180323
MIL,us_RUS_sa,0.00,RUS,USA,20180323
LUM,us_RUS_sa,0.00,RUS,USA,20180323
C_B,us_RUS_sa,0.00,RUS,USA,20180323
OMF,us_RUS_sa,0.00,RUS,USA,20180323
NFM,us_RUS_sa,0.06,RUS,USA,20180323
COA,us_RUS_sa,0.00,RUS,USA,20180323
OCR,us_RUS_sa,0.00,RUS,USA,20180323
PFB,us_RUS_sa,0.00,RUS,USA,20180323
I_S,us_RUS_sa,0.12,RUS,USA,20180323
P_C,us_RUS_sa,0.00,RUS,USA,20180323
V_F,us_RUS_sa,0.00,RUS,USA,20180323
VOL,us_RUS_sa,0.00,RUS,USA,20180323
MVH,us_RUS_sa,0.00,RUS,USA,20180323
GAS,us_RUS_sa,0.00,RUS,USA,20180323
PCR,us_RUS_sa,0.00,RUS,USA,20180323
FSH,us_RUS_sa,0.00,RUS,USA,20180323
CRP,us_RUS_sa,0.00,RUS,USA,20180323
OTN,us_RUS_sa,0.00,RUS,USA,20180323
GRO,us_RUS_sa,0.00,RUS,USA,20180323
FMP,us_RUS_sa,0.01,RUS,USA,20180323
PPP,us_RUS_sa,0.00,RUS,USA,20180323
OFD,us_RUS_sa,0.00,RUS,USA,20180323
OMN,us_RUS_sa,0.00,RUS,USA,20180323
LEA,us_RUS_sa,0.00,RUS,USA,20180323
PDR,us_RUS_sa,0.00,RUS,USA,20180323
B_T,us_RUS_sa,0.00,RUS,USA,20180323
WHT,us_RUS_sa,0.00,RUS,USA,20180323
FRS,us_RUS_sa,0.00,RUS,USA,20180323
OMT,us_RUS_sa,0.00,RUS,USA,20180323
ELE,us_RUS_sa,0.00,RUS,USA,20180323
NMM,us_RUS_sa,0.00,RUS,USA,20180323
WAP,us_RUS_sa,0.00,RUS,USA,20180323
OIL,us_RUS_sa,0.00,RUS,USA,20180323
ELY,us_RUS_sa,0.00,RUS,USA,20180323
CMT,us_RUS_sa,0.00,RUS,USA,20180323
FMP,us_THA_sa,0.00,THA,USA,20180323
LUM,us_THA_sa,0.00,THA,USA,20180323
COA,us_THA_sa,0.00,THA,USA,20180323
OMN,us_THA_sa,0.00,THA,USA,20180323
ELY,us_THA_sa,0.00,THA,USA,20180323
C_B,us_THA_sa,0.00,THA,USA,20180323
GAS,us_THA_sa,0.00,THA,USA,20180323
NMM,us_THA_sa,0.00,THA,USA,20180323
OIL,us_THA_sa,0.00,THA,USA,20180323
CTL,us_THA_sa,0.00,THA,USA,20180323
GDT,us_THA_sa,0.00,THA,USA,20180323
PDR,us_THA_sa,0.00,THA,USA,20180323
MIL,us_THA_sa,0.00,THA,USA,20180323
MVH,us_THA_sa,0.00,THA,USA,20180323
OAP,us_THA_sa,0.00,THA,USA,20180323
CMT,us_THA_sa,0.00,THA,USA,20180323
I_S,us_THA_sa,0.19,THA,USA,20180323
FRS,us_THA_sa,0.00,THA,USA,20180323
FSH,us_THA_sa,0.00,THA,USA,20180323
PPP,us_THA_sa,0.00,THA,USA,20180323
B_T,us_THA_sa,0.00,THA,USA,20180323
WAP,us_THA_sa,0.00,THA,USA,20180323
OMF,us_THA_sa,0.00,THA,USA,20180323
PCR,us_THA_sa,0.00,THA,USA,20180323
WOL,us_THA_sa,0.00,THA,USA,20180323
OCR,us_THA_sa,0.00,THA,USA,20180323
TEX,us_THA_sa,0.00,THA,USA,20180323
CRP,us_THA_sa,0.00,THA,USA,20180323
OSD,us_THA_sa,0.00,THA,USA,20180323
LEA,us_THA_sa,0.00,THA,USA,20180323
PFB,us_THA_sa,0.00,THA,USA,20180323
OMT,us_THA_sa,0.00,THA,USA,20180323
OFD,us_THA_sa,0.00,THA,USA,20180323
OME,us_THA_sa,0.00,THA,USA,20180323
NFM,us_THA_sa,0.02,THA,USA,20180323
VOL,us_THA_sa,0.00,THA,USA,20180323
ELE,us_THA_sa,0.00,THA,USA,20180323
SGR,us_THA_sa,0.00,THA,USA,20180323
V_F,us_THA_sa,0.00,THA,USA,20180323
GRO,us_THA_sa,0.00,THA,USA,20180323
WHT,us_THA_sa,0.00,THA,USA,20180323
P_C,us_THA_sa,0.00,THA,USA,20180323
OTN,us_THA_sa,0.00,THA,USA,20180323
PCR,us_TUR_sa,0.00,TUR,USA,20180323
CTL,us_TUR_sa,0.00,TUR,USA,20180323
WAP,us_TUR_sa,0.00,TUR,USA,20180323
OME,us_TUR_sa,0.00,TUR,USA,20180323
NMM,us_TUR_sa,0.00,TUR,USA,20180323
B_T,us_TUR_sa,0.00,TUR,USA,20180323
TEX,us_TUR_sa,0.00,TUR,USA,20180323
CMT,us_TUR_sa,0.00,TUR,USA,20180323
OIL,us_TUR_sa,0.00,TUR,USA,20180323
GAS,us_TUR_sa,0.00,TUR,USA,20180323
ELY,us_TUR_sa,0.00,TUR,USA,20180323
OMF,us_TUR_sa,0.00,TUR,USA,20180323
PPP,us_TUR_sa,0.00,TUR,USA,20180323
I_S,us_TUR_sa,0.24,TUR,USA,20180323
VOL,us_TUR_sa,0.00,TUR,USA,20180323
GDT,us_TUR_sa,0.00,TUR,USA,20180323
OFD,us_TUR_sa,0.00,TUR,USA,20180323
FSH,us_TUR_sa,0.00,TUR,USA,20180323
OCR,us_TUR_sa,0.00,TUR,USA,20180323
COA,us_TUR_sa,0.00,TUR,USA,20180323
PDR,us_TUR_sa,0.00,TUR,USA,20180323
FRS,us_TUR_sa,0.00,TUR,USA,20180323
P_C,us_TUR_sa,0.00,TUR,USA,20180323
OMT,us_TUR_sa,0.00,TUR,USA,20180323
GRO,us_TUR_sa,0.00,TUR,USA,20180323
WHT,us_TUR_sa,0.00,TUR,USA,20180323
WOL,us_TUR_sa,0.00,TUR,USA,20180323
C_B,us_TUR_sa,0.00,TUR,USA,20180323
CRP,us_TUR_sa,0.00,TUR,USA,20180323
MVH,us_TUR_sa,0.00,TUR,USA,20180323
LUM,us_TUR_sa,0.00,TUR,USA,20180323
OAP,us_TUR_sa,0.00,TUR,USA,20180323
V_F,us_TUR_sa,0.00,TUR,USA,20180323
OTN,us_TUR_sa,0.00,TUR,USA,20180323
NFM,us_TUR_sa,0.04,TUR,USA,20180323
PFB,us_TUR_sa,0.00,TUR,USA,20180323
MIL,us_TUR_sa,0.00,TUR,USA,20180323
FMP,us_TUR_sa,0.00,TUR,USA,20180323
OMN,us_TUR_sa,0.00,TUR,USA,20180323
ELE,us_TUR_sa,0.00,TUR,USA,20180323
OSD,us_TUR_sa,0.00,TUR,USA,20180323
LEA,us_TUR_sa,0.00,TUR,USA,20180323
SGR,us_TUR_sa,0.00,TUR,USA,20180323
V_F,us_TWN_sa,0.00,TWN,USA,20180323
OCR,us_TWN_sa,0.00,TWN,USA,20180323
GDT,us_TWN_sa,0.00,TWN,USA,20180323
NFM,us_TWN_sa,0.02,TWN,USA,20180323
MVH,us_TWN_sa,0.00,TWN,USA,20180323
OMF,us_TWN_sa,0.00,TWN,USA,20180323
P_C,us_TWN_sa,0.00,TWN,USA,20180323
FRS,us_TWN_sa,0.00,TWN,USA,20180323
OMT,us_TWN_sa,0.00,TWN,USA,20180323
ELE,us_TWN_sa,0.00,TWN,USA,20180323
WAP,us_TWN_sa,0.00,TWN,USA,20180323
PCR,us_TWN_sa,0.00,TWN,USA,20180323
GAS,us_TWN_sa,0.00,TWN,USA,20180323
PFB,us_TWN_sa,0.00,TWN,USA,20180323
OME,us_TWN_sa,0.00,TWN,USA,20180323
VOL,us_TWN_sa,0.00,TWN,USA,20180323
C_B,us_TWN_sa,0.00,TWN,USA,20180323
I_S,us_TWN_sa,0.22,TWN,USA,20180323
OFD,us_TWN_sa,0.00,TWN,USA,20180323
WHT,us_TWN_sa,0.00,TWN,USA,20180323
SGR,us_TWN_sa,0.00,TWN,USA,20180323
CRP,us_TWN_sa,0.00,TWN,USA,20180323
TEX,us_TWN_sa,0.00,TWN,USA,20180323
B_T,us_TWN_sa,0.00,TWN,USA,20180323
PDR,us_TWN_sa,0.00,TWN,USA,20180323
GRO,us_TWN_sa,0.00,TWN,USA,20180323
COA,us_TWN_sa,0.00,TWN,USA,20180323
MIL,us_TWN_sa,0.00,TWN,USA,20180323
OTN,us_TWN_sa,0.00,TWN,USA,20180323
OSD,us_TWN_sa,0.00,TWN,USA,20180323
LEA,us_TWN_sa,0.00,TWN,USA,20180323
CTL,us_TWN_sa,0.00,TWN,USA,20180323
PPP,us_TWN_sa,0.00,TWN,USA,20180323
ELY,us_TWN_sa,0.00,TWN,USA,20180323
CMT,us_TWN_sa,0.00,TWN,USA,20180323
OMN,us_TWN_sa,0.00,TWN,USA,20180323
OIL,us_TWN_sa,0.00,TWN,USA,20180323
NMM,us_TWN_sa,0.00,TWN,USA,20180323
FSH,us_TWN_sa,0.00,TWN,USA,20180323
LUM,us_TWN_sa,0.00,TWN,USA,20180323
WOL,us_TWN_sa,0.00,TWN,USA,20180323
FMP,us_TWN_sa,0.00,TWN,USA,20180323
OAP,us_TWN_sa,0.00,TWN,USA,20180323
FSH,us_VEN_sa,0.00,VEN,USA,20180323
CTL,us_VEN_sa,0.00,VEN,USA,20180323
GDT,us_VEN_sa,0.00,VEN,USA,20180323
B_T,us_VEN_sa,0.00,VEN,USA,20180323
LUM,us_VEN_sa,0.00,VEN,USA,20180323
PCR,us_VEN_sa,0.00,VEN,USA,20180323
OIL,us_VEN_sa,0.00,VEN,USA,20180323
TEX,us_VEN_sa,0.00,VEN,USA,20180323
PPP,us_VEN_sa,0.00,VEN,USA,20180323
NMM,us_VEN_sa,0.00,VEN,USA,20180323
CRP,us_VEN_sa,0.00,VEN,USA,20180323
ELY,us_VEN_sa,0.00,VEN,USA,20180323
GRO,us_VEN_sa,0.00,VEN,USA,20180323
GAS,us_VEN_sa,0.00,VEN,USA,20180323
OMF,us_VEN_sa,0.00,VEN,USA,20180323
WHT,us_VEN_sa,0.00,VEN,USA,20180323
OTN,us_VEN_sa,0.00,VEN,USA,20180323
P_C,us_VEN_sa,0.00,VEN,USA,20180323
OCR,us_VEN_sa,0.00,VEN,USA,20180323
OMT,us_VEN_sa,0.00,VEN,USA,20180323
OMN,us_VEN_sa,0.00,VEN,USA,20180323
I_S,us_VEN_sa,0.04,VEN,USA,20180323
OFD,us_VEN_sa,0.00,VEN,USA,20180323
OAP,us_VEN_sa,0.00,VEN,USA,20180323
V_F,us_VEN_sa,0.00,VEN,USA,20180323
C_B,us_VEN_sa,0.00,VEN,USA,20180323
VOL,us_VEN_sa,0.00,VEN,USA,20180323
FRS,us_VEN_sa,0.00,VEN,USA,20180323
COA,us_VEN_sa,0.00,VEN,USA,20180323
WOL,us_VEN_sa,0.00,VEN,USA,20180323
PFB,us_VEN_sa,0.00,VEN,USA,20180323
FMP,us_VEN_sa,0.00,VEN,USA,20180323
LEA,us_VEN_sa,0.00,VEN,USA,20180323
MIL,us_VEN_sa,0.00,VEN,USA,20180323
ELE,us_VEN_sa,0.00,VEN,USA,20180323
NFM,us_VEN_sa,0.08,VEN,USA,20180323
CMT,us_VEN_sa,0.00,VEN,USA,20180323
OME,us_VEN_sa,0.00,VEN,USA,20180323
PDR,us_VEN_sa,0.00,VEN,USA,20180323
OSD,us_VEN_sa,0.00,VEN,USA,20180323
MVH,us_VEN_sa,0.00,VEN,USA,20180323
WAP,us_VEN_sa,0.00,VEN,USA,20180323
SGR,us_VEN_sa,0.00,VEN,USA,20180323
COA,us_VNM_sa,0.00,VNM,USA,20180323
OMF,us_VNM_sa,0.00,VNM,USA,20180323
OFD,us_VNM_sa,0.00,VNM,USA,20180323
I_S,us_VNM_sa,0.25,VNM,USA,20180323
NMM,us_VNM_sa,0.00,VNM,USA,20180323
GDT,us_VNM_sa,0.00,VNM,USA,20180323
MVH,us_VNM_sa,0.00,VNM,USA,20180323
GAS,us_VNM_sa,0.00,VNM,USA,20180323
FSH,us_VNM_sa,0.00,VNM,USA,20180323
ELE,us_VNM_sa,0.00,VNM,USA,20180323
CRP,us_VNM_sa,0.00,VNM,USA,20180323
TEX,us_VNM_sa,0.00,VNM,USA,20180323
LUM,us_VNM_sa,0.00,VNM,USA,20180323
PFB,us_VNM_sa,0.00,VNM,USA,20180323
LEA,us_VNM_sa,0.00,VNM,USA,20180323
FMP,us_VNM_sa,0.00,VNM,USA,20180323
CMT,us_VNM_sa,0.00,VNM,USA,20180323
VOL,us_VNM_sa,0.00,VNM,USA,20180323
OAP,us_VNM_sa,0.00,VNM,USA,20180323
ELY,us_VNM_sa,0.00,VNM,USA,20180323
OCR,us_VNM_sa,0.00,VNM,USA,20180323
NFM,us_VNM_sa,0.04,VNM,USA,20180323
PDR,us_VNM_sa,0.00,VNM,USA,20180323
C_B,us_VNM_sa,0.00,VNM,USA,20180323
OSD,us_VNM_sa,0.00,VNM,USA,20180323
SGR,us_VNM_sa,0.00,VNM,USA,20180323
CTL,us_VNM_sa,0.00,VNM,USA,20180323
OMT,us_VNM_sa,0.00,VNM,USA,20180323
OMN,us_VNM_sa,0.00,VNM,USA,20180323
PPP,us_VNM_sa,0.00,VNM,USA,20180323
OME,us_VNM_sa,0.00,VNM,USA,20180323
WHT,us_VNM_sa,0.00,VNM,USA,20180323
B_T,us_VNM_sa,0.00,VNM,USA,20180323
P_C,us_VNM_sa,0.00,VNM,USA,20180323
MIL,us_VNM_sa,0.00,VNM,USA,20180323
PCR,us_VNM_sa,0.00,VNM,USA,20180323
GRO,us_VNM_sa,0.00,VNM,USA,20180323
OIL,us_VNM_sa,0.00,VNM,USA,20180323
V_F,us_VNM_sa,0.00,VNM,USA,20180323
WOL,us_VNM_sa,0.00,VNM,USA,20180323
FRS,us_VNM_sa,0.00,VNM,USA,20180323
WAP,us_VNM_sa,0.00,VNM,USA,20180323
OTN,us_VNM_sa,0.00,VNM,USA,20180323
PPP,us_ZAF_sa,0.00,ZAF,USA,20180323
WHT,us_ZAF_sa,0.00,ZAF,USA,20180323
OFD,us_ZAF_sa,0.00,ZAF,USA,20180323
OCR,us_ZAF_sa,0.00,ZAF,USA,20180323
B_T,us_ZAF_sa,0.00,ZAF,USA,20180323
NFM,us_ZAF_sa,0.01,ZAF,USA,20180323
CTL,us_ZAF_sa,0.00,ZAF,USA,20180323
WOL,us_ZAF_sa,0.00,ZAF,USA,20180323
OSD,us_ZAF_sa,0.00,ZAF,USA,20180323
OME,us_ZAF_sa,0.00,ZAF,USA,20180323
TEX,us_ZAF_sa,0.00,ZAF,USA,20180323
P_C,us_ZAF_sa,0.00,ZAF,USA,20180323
LUM,us_ZAF_sa,0.00,ZAF,USA,20180323
FMP,us_ZAF_sa,0.00,ZAF,USA,20180323
FSH,us_ZAF_sa,0.00,ZAF,USA,20180323
GAS,us_ZAF_sa,0.00,ZAF,USA,20180323
FRS,us_ZAF_sa,0.00,ZAF,USA,20180323
PDR,us_ZAF_sa,0.00,ZAF,USA,20180323
ELE,us_ZAF_sa,0.00,ZAF,USA,20180323
PCR,us_ZAF_sa,0.00,ZAF,USA,20180323
CMT,us_ZAF_sa,0.00,ZAF,USA,20180323
MVH,us_ZAF_sa,0.00,ZAF,USA,20180323
ELY,us_ZAF_sa,0.00,ZAF,USA,20180323
OMF,us_ZAF_sa,0.00,ZAF,USA,20180323
COA,us_ZAF_sa,0.00,ZAF,USA,20180323
V_F,us_ZAF_sa,0.00,ZAF,USA,20180323
OIL,us_ZAF_sa,0.00,ZAF,USA,20180323
VOL,us_ZAF_sa,0.00,ZAF,USA,20180323
OMN,us_ZAF_sa,0.00,ZAF,USA,20180323
OTN,us_ZAF_sa,0.00,ZAF,USA,20180323
I_S,us_ZAF_sa,0.07,ZAF,USA,20180323
C_B,us_ZAF_sa,0.00,ZAF,USA,20180323
MIL,us_ZAF_sa,0.00,ZAF,USA,20180323
OAP,us_ZAF_sa,0.00,ZAF,USA,20180323
WAP,us_ZAF_sa,0.00,ZAF,USA,20180323
NMM,us_ZAF_sa,0.00,ZAF,USA,20180323
LEA,us_ZAF_sa,0.00,ZAF,USA,20180323
CRP,us_ZAF_sa,0.00,ZAF,USA,20180323
SGR,us_ZAF_sa,0.00,ZAF,USA,20180323
PFB,us_ZAF_sa,0.00,ZAF,USA,20180323
OMT,us_ZAF_sa,0.00,ZAF,USA,20180323
GDT,us_ZAF_sa,0.00,ZAF,USA,20180323
GRO,us_ZAF_sa,0.00,ZAF,USA,20180323
GRO,us_ca_sa,0.00,CAN,USA,20180601
GDT,us_ca_sa,0.00,CAN,USA,20180601
OMF,us_ca_sa,0.00,CAN,USA,20180601
FMP,us_ca_sa,0.00,CAN,USA,20180601
CRP,us_ca_sa,0.00,CAN,USA,20180601
I_S,us_ca_sa,0.20,CAN,USA,20180601
OSD,us_ca_sa,0.00,CAN,USA,20180601
OMN,us_ca_sa,0.00,CAN,USA,20180601
LEA,us_ca_sa,0.00,CAN,USA,20180601
WAP,us_ca_sa,0.00,CAN,USA,20180601
P_C,us_ca_sa,0.00,CAN,USA,20180601
WHT,us_ca_sa,0.00,CAN,USA,20180601
FSH,us_ca_sa,0.00,CAN,USA,20180601
V_F,us_ca_sa,0.00,CAN,USA,20180601
C_B,us_ca_sa,0.00,CAN,USA,20180601
OME,us_ca_sa,0.00,CAN,USA,20180601
OIL,us_ca_sa,0.00,CAN,USA,20180601
B_T,us_ca_sa,0.00,CAN,USA,20180601
COA,us_ca_sa,0.00,CAN,USA,20180601
ELY,us_ca_sa,0.00,CAN,USA,20180601
MVH,us_ca_sa,0.00,CAN,USA,20180601
PPP,us_ca_sa,0.00,CAN,USA,20180601
OTN,us_ca_sa,0.00,CAN,USA,20180601
MIL,us_ca_sa,0.00,CAN,USA,20180601
LUM,us_ca_sa,0.00,CAN,USA,20180601
OCR,us_ca_sa,0.00,CAN,USA,20180601
OAP,us_ca_sa,0.00,CAN,USA,20180601
PDR,us_ca_sa,0.00,CAN,USA,20180601
OMT,us_ca_sa,0.00,CAN,USA,20180601
GAS,us_ca_sa,0.00,CAN,USA,20180601
CTL,us_ca_sa,0.00,CAN,USA,20180601
NMM,us_ca_sa,0.00,CAN,USA,20180601
FRS,us_ca_sa,0.00,CAN,USA,20180601
TEX,us_ca_sa,0.00,CAN,USA,20180601
SGR,us_ca_sa,0.00,CAN,USA,20180601
WOL,us_ca_sa,0.00,CAN,USA,20180601
OFD,us_ca_sa,0.00,CAN,USA,20180601
PCR,us_ca_sa,0.00,CAN,USA,20180601
CMT,us_ca_sa,0.00,CAN,USA,20180601
VOL,us_ca_sa,0.00,CAN,USA,20180601
ELE,us_ca_sa,0.00,CAN,USA,20180601
NFM,us_ca_sa,0.04,CAN,USA,20180601
PFB,us_ca_sa,0.00,CAN,USA,20180601
OTN,us_cn_sa,0.00,CHN,USA,20180323
C_B,us_cn_sa,0.00,CHN,USA,20180323
LUM,us_cn_sa,0.00,CHN,USA,20180323
OIL,us_cn_sa,0.00,CHN,USA,20180323
WAP,us_cn_sa,0.00,CHN,USA,20180323
OAP,us_cn_sa,0.00,CHN,USA,20180323
OCR,us_cn_sa,0.00,CHN,USA,20180323
OSD,us_cn_sa,0.00,CHN,USA,20180323
MVH,us_cn_sa,0.00,CHN,USA,20180323
WOL,us_cn_sa,0.00,CHN,USA,20180323
FSH,us_cn_sa,0.00,CHN,USA,20180323
GRO,us_cn_sa,0.00,CHN,USA,20180323
V_F,us_cn_sa,0.00,CHN,USA,20180323
P_C,us_cn_sa,0.00,CHN,USA,20180323
FMP,us_cn_sa,0.00,CHN,USA,20180323
MIL,us_cn_sa,0.00,CHN,USA,20180323
PDR,us_cn_sa,0.00,CHN,USA,20180323
OMT,us_cn_sa,0.00,CHN,USA,20180323
WHT,us_cn_sa,0.00,CHN,USA,20180323
NFM,us_cn_sa,0.06,CHN,USA,20180323
GAS,us_cn_sa,0.00,CHN,USA,20180323
OMF,us_cn_sa,0.00,CHN,USA,20180323
OME,us_cn_sa,0.00,CHN,USA,20180323
OFD,us_cn_sa,0.00,CHN,USA,20180323
LEA,us_cn_sa,0.00,CHN,USA,20180323
PCR,us_cn_sa,0.00,CHN,USA,20180323
ELE,us_cn_sa,0.00,CHN,USA,20180323
CTL,us_cn_sa,0.00,CHN,USA,20180323
PPP,us_cn_sa,0.00,CHN,USA,20180323
NMM,us_cn_sa,0.00,CHN,USA,20180323
PFB,us_cn_sa,0.00,CHN,USA,20180323
B_T,us_cn_sa,0.00,CHN,USA,20180323
CRP,us_cn_sa,0.00,CHN,USA,20180323
I_S,us_cn_sa,0.13,CHN,USA,20180323
CMT,us_cn_sa,0.00,CHN,USA,20180323
GDT,us_cn_sa,0.00,CHN,USA,20180323
SGR,us_cn_sa,0.00,CHN,USA,20180323
OMN,us_cn_sa,0.00,CHN,USA,20180323
COA,us_cn_sa,0.00,CHN,USA,20180323
TEX,us_cn_sa,0.00,CHN,USA,20180323
FRS,us_cn_sa,0.00,CHN,USA,20180323
VOL,us_cn_sa,0.00,CHN,USA,20180323
ELY,us_cn_sa,0.00,CHN,USA,20180323
WOL,us_eu_sa,0.00,EUR,USA,20180601
CTL,us_eu_sa,0.00,EUR,USA,20180601
WAP,us_eu_sa,0.00,EUR,USA,20180601
B_T,us_eu_sa,0.00,EUR,USA,20180601
NFM,us_eu_sa,0.03,EUR,USA,20180601
LUM,us_eu_sa,0.00,EUR,USA,20180601
OAP,us_eu_sa,0.00,EUR,USA,20180601
FRS,us_eu_sa,0.00,EUR,USA,20180601
OFD,us_eu_sa,0.00,EUR,USA,20180601
CMT,us_eu_sa,0.00,EUR,USA,20180601
C_B,us_eu_sa,0.00,EUR,USA,20180601
GRO,us_eu_sa,0.00,EUR,USA,20180601
V_F,us_eu_sa,0.00,EUR,USA,20180601
FSH,us_eu_sa,0.00,EUR,USA,20180601
ELY,us_eu_sa,0.00,EUR,USA,20180601
ELE,us_eu_sa,0.00,EUR,USA,20180601
MIL,us_eu_sa,0.00,EUR,USA,20180601
VOL,us_eu_sa,0.00,EUR,USA,20180601
OMT,us_eu_sa,0.00,EUR,USA,20180601
PPP,us_eu_sa,0.00,EUR,USA,20180601
OIL,us_eu_sa,0.00,EUR,USA,20180601
OMF,us_eu_sa,0.00,EUR,USA,20180601
LEA,us_eu_sa,0.00,EUR,USA,20180601
WHT,us_eu_sa,0.00,EUR,USA,20180601
MVH,us_eu_sa,0.00,EUR,USA,20180601
GAS,us_eu_sa,0.00,EUR,USA,20180601
OTN,us_eu_sa,0.00,EUR,USA,20180601
FMP,us_eu_sa,0.00,EUR,USA,20180601
CRP,us_eu_sa,0.00,EUR,USA,20180601
OSD,us_eu_sa,0.00,EUR,USA,20180601
OME,us_eu_sa,0.00,EUR,USA,20180601
SGR,us_eu_sa,0.00,EUR,USA,20180601
I_S,us_eu_sa,0.19,EUR,USA,20180601
OMN,us_eu_sa,0.00,EUR,USA,20180601
GDT,us_eu_sa,0.00,EUR,USA,20180601
P_C,us_eu_sa,0.00,EUR,USA,20180601
PCR,us_eu_sa,0.00,EUR,USA,20180601
TEX,us_eu_sa,0.00,EUR,USA,20180601
PDR,us_eu_sa,0.00,EUR,USA,20180601
NMM,us_eu_sa,0.00,EUR,USA,20180601
PFB,us_eu_sa,0.00,EUR,USA,20180601
COA,us_eu_sa,0.00,EUR,USA,20180601
OCR,us_eu_sa,0.00,EUR,USA,20180601
NMM,us_mx_sa,0.00,MEX,USA,20180601
PCR,us_mx_sa,0.00,MEX,USA,20180601
B_T,us_mx_sa,0.00,MEX,USA,20180601
OMF,us_mx_sa,0.00,MEX,USA,20180601
GRO,us_mx_sa,0.00,MEX,USA,20180601
VOL,us_mx_sa,0.00,MEX,USA,20180601
OAP,us_mx_sa,0.00,MEX,USA,20180601
NFM,us_mx_sa,0.00,MEX,USA,20180601
CRP,us_mx_sa,0.00,MEX,USA,20180601
COA,us_mx_sa,0.00,MEX,USA,20180601
ELE,us_mx_sa,0.00,MEX,USA,20180601
WOL,us_mx_sa,0.00,MEX,USA,20180601
OCR,us_mx_sa,0.00,MEX,USA,20180601
OMN,us_mx_sa,0.00,MEX,USA,20180601
CTL,us_mx_sa,0.00,MEX,USA,20180601
FRS,us_mx_sa,0.00,MEX,USA,20180601
P_C,us_mx_sa,0.00,MEX,USA,20180601
TEX,us_mx_sa,0.00,MEX,USA,20180601
OSD,us_mx_sa,0.00,MEX,USA,20180601
FMP,us_mx_sa,0.00,MEX,USA,20180601
SGR,us_mx_sa,0.00,MEX,USA,20180601
C_B,us_mx_sa,0.00,MEX,USA,20180601
GAS,us_mx_sa,0.00,MEX,USA,20180601
ELY,us_mx_sa,0.00,MEX,USA,20180601
LEA,us_mx_sa,0.00,MEX,USA,20180601
OIL,us_mx_sa,0.00,MEX,USA,20180601
CMT,us_mx_sa,0.00,MEX,USA,20180601
OMT,us_mx_sa,0.00,MEX,USA,20180601
MVH,us_mx_sa,0.00,MEX,USA,20180601
GDT,us_mx_sa,0.00,MEX,USA,20180601
PDR,us_mx_sa,0.00,MEX,USA,20180601
PPP,us_mx_sa,0.00,MEX,USA,20180601
OFD,us_mx_sa,0.00,MEX,USA,20180601
PFB,us_mx_sa,0.00,MEX,USA,20180601
OTN,us_mx_sa,0.00,MEX,USA,20180601
MIL,us_mx_sa,0.00,MEX,USA,20180601
I_S,us_mx_sa,0.21,MEX,USA,20180601
FSH,us_mx_sa,0.00,MEX,USA,20180601
OME,us_mx_sa,0.00,MEX,USA,20180601
LUM,us_mx_sa,0.00,MEX,USA,20180601
WHT,us_mx_sa,0.00,MEX,USA,20180601
WAP,us_mx_sa,0.00,MEX,USA,20180601
V_F,us_mx_sa,0.00,MEX,USA,20180601
NMM,uscn16,0.00,CHN,USA,20180808
TEX,uscn16,0.00,CHN,USA,20180808
WOL,uscn16,0.00,CHN,USA,20180808
OMN,uscn16,0.00,CHN,USA,20180808
WHT,uscn16,0.00,CHN,USA,20180808
MIL,uscn16,0.00,CHN,USA,20180808
CTL,uscn16,0.00,CHN,USA,20180808
MVH,uscn16,0.00,CHN,USA,20180808
FRS,uscn16,0.00,CHN,USA,20180808
P_C,uscn16,0.19,CHN,USA,20180808
PCR,uscn16,0.00,CHN,USA,20180808
V_F,uscn16,0.00,CHN,USA,20180808
OCR,uscn16,0.00,CHN,USA,20180808
B_T,uscn16,0.00,CHN,USA,20180808
CMT,uscn16,0.00,CHN,USA,20180808
OFD,uscn16,0.00,CHN,USA,20180808
FSH,uscn16,0.00,CHN,USA,20180808
I_S,uscn16,0.00,CHN,USA,20180808
LEA,uscn16,0.00,CHN,USA,20180808
LUM,uscn16,0.00,CHN,USA,20180808
CRP,uscn16,0.01,CHN,USA,20180808
OMT,uscn16,0.00,CHN,USA,20180808
SGR,uscn16,0.00,CHN,USA,20180808
PFB,uscn16,0.00,CHN,USA,20180808
OME,uscn16,0.04,CHN,USA,20180808
OIL,uscn16,0.00,CHN,USA,20180808
NFM,uscn16,0.00,CHN,USA,20180808
PDR,uscn16,0.00,CHN,USA,20180808
GDT,uscn16,0.00,CHN,USA,20180808
OTN,uscn16,0.05,CHN,USA,20180808
GAS,uscn16,0.00,CHN,USA,20180808
COA,uscn16,0.00,CHN,USA,20180808
OSD,uscn16,0.00,CHN,USA,20180808
FMP,uscn16,0.01,CHN,USA,20180808
OAP,uscn16,0.00,CHN,USA,20180808
PPP,uscn16,0.00,CHN,USA,20180808
WAP,uscn16,0.00,CHN,USA,20180808
C_B,uscn16,0.00,CHN,USA,20180808
GRO,uscn16,0.00,CHN,USA,20180808
ELY,uscn16,0.00,CHN,USA,20180808
ELE,uscn16,0.01,CHN,USA,20180808
OMF,uscn16,0.00,CHN,USA,20180808
VOL,uscn16,0.00,CHN,USA,20180808
COA,uscn34,0.00,CHN,USA,20180706
P_C,uscn34,0.00,CHN,USA,20180706
B_T,uscn34,0.00,CHN,USA,20180706
MVH,uscn34,0.02,CHN,USA,20180706
ELY,uscn34,0.00,CHN,USA,20180706
ELE,uscn34,0.04,CHN,USA,20180706
WAP,uscn34,0.00,CHN,USA,20180706
TEX,uscn34,0.00,CHN,USA,20180706
LUM,uscn34,0.00,CHN,USA,20180706
NMM,uscn34,0.00,CHN,USA,20180706
SGR,uscn34,0.00,CHN,USA,20180706
WOL,uscn34,0.00,CHN,USA,20180706
I_S,uscn34,0.00,CHN,USA,20180706
GAS,uscn34,0.00,CHN,USA,20180706
OAP,uscn34,0.00,CHN,USA,20180706
FMP,uscn34,0.00,CHN,USA,20180706
OSD,uscn34,0.00,CHN,USA,20180706
PFB,uscn34,0.00,CHN,USA,20180706
MIL,uscn34,0.00,CHN,USA,20180706
NFM,uscn34,0.00,CHN,USA,20180706
VOL,uscn34,0.00,CHN,USA,20180706
OMT,uscn34,0.00,CHN,USA,20180706
OFD,uscn34,0.00,CHN,USA,20180706
FRS,uscn34,0.00,CHN,USA,20180706
OIL,uscn34,0.00,CHN,USA,20180706
OTN,uscn34,0.08,CHN,USA,20180706
PPP,uscn34,0.00,CHN,USA,20180706
CMT,uscn34,0.00,CHN,USA,20180706
CTL,uscn34,0.00,CHN,USA,20180706
LEA,uscn34,0.00,CHN,USA,20180706
GDT,uscn34,0.00,CHN,USA,20180706
C_B,uscn34,0.00,CHN,USA,20180706
OME,uscn34,0.12,CHN,USA,20180706
PCR,uscn34,0.00,CHN,USA,20180706
FSH,uscn34,0.00,CHN,USA,20180706
CRP,uscn34,0.00,CHN,USA,20180706
GRO,uscn34,0.00,CHN,USA,20180706
OCR,uscn34,0.00,CHN,USA,20180706
V_F,uscn34,0.00,CHN,USA,20180706
PDR,uscn34,0.00,CHN,USA,20180706
OMN,uscn34,0.00,CHN,USA,20180706
OMF,uscn34,0.00,CHN,USA,20180706
WHT,uscn34,0.00,CHN,USA,20180706
